cz,city,state,stateabbrv,kid_count,inventor,kid_count_m,inventor_m,inventor_f,kid_count_f,inventor_pq_1,inventor_pq_2,inventor_pq_3,inventor_pq_4,inventor_pq_5
100,Johnson City,Tennessee,TN,29001,0.0016206,14658,0.0027971,0.0004183,14343,0.0004671,0.0008548,0.0008612,0.0015955,0.0067058
200,Morristown,Tennessee,TN,12212,0.0011464,6199,0.0019358,0.0003327,6012,0.0009337,0.0009208,0.0013666,0.0021265,0
301,Middlesborough,Tennessee,TN,3347,0.0005976,1683,0.0005942,0.000601,1664,0.0008636,0.001001,0,0,
302,Knoxville,Tennessee,TN,37791,0.0018258,19001,0.0029472,0.0006926,18770,0.0002689,0.0010001,0.0016332,0.00122,0.0052722
401,Winston-Salem,North Carolina,NC,26286,0.0019402,13280,0.0031627,0.0006921,13004,0.000222,0,0.0022757,0.0024792,0.004308
402,Martinsville,Virginia,VA,5300,0.000566,2678,0.0007468,0.0003814,2622,0,0,0,0.0014306,0.0044543
500,Greensboro,North Carolina,NC,54311,0.0015651,27258,0.0025681,0.0005545,27050,0.0004628,0.0003169,0.0010858,0.0014106,0.0053261
601,North Wilkesboro,North Carolina,NC,4703,0.0008505,2417,0.0012412,0.0004374,2286,0,0.0007541,0.000846,0.0029326,0
602,Galax,Virginia,VA,2938,0.0003404,1507,0,0.0006988,1431,0,0,0,0.0024038,
700,Spartanburg,South Carolina,SC,19529,0.0011777,9758,0.0020496,0.0003071,9770,0,0.000201,0.0014461,0.0016393,0.0039093
800,Gastonia,North Carolina,NC,23429,0.0011097,11913,0.001511,0.0006947,11516,0.0002071,0.0001722,0.0007631,0.0018828,0.0039711
900,Charlotte,North Carolina,NC,76053,0.0017225,38140,0.0025957,0.0008441,37908,0.0002858,0.0007544,0.0012942,0.0013112,0.0045318
1001,Boone,North Carolina,NC,3329,0.0009012,1712,0.0017523,0,1617,0,0,0.0025253,0.0020576,0
1002,Morganton,North Carolina,NC,8166,0.0006123,4147,0.0012057,0,4016,0,0.000439,0.0004458,0.0014205,0.001642
1100,Hickory,North Carolina,NC,20040,0.0016966,10122,0.002865,0.0005042,9917,0.0002837,0.0006236,0.0012856,0.0016548,0.0060563
1201,Franklin,North Carolina,NC,2064,0.000969,1065,0.0018779,0,999,0,0,0,0,
1202,Sylva,North Carolina,NC,2644,0.0015129,1394,0.0021521,0.0008,1250,0,0,0.0033557,0,
1203,Asheville,North Carolina,NC,19441,0.0014917,9913,0.0024211,0.0005248,9528,0.0007878,0.0009025,0.0011096,0.0025523,0.0025207
1204,Andrews,North Carolina,NC,2819,0.0007095,1421,0.0014075,0,1398,0,0.0012594,0.0014903,0,
1301,Bennettsville,South Carolina,SC,4668,0.0006427,2355,0.0004246,0.0008647,2313,0.0005814,0,0,0.0019646,
1302,Florence,South Carolina,SC,33268,0.0006312,16510,0.0009691,0.0002984,16758,0,0.0002387,0.0007442,0.0023663,0.0016426
1400,Fayetteville,North Carolina,NC,39260,0.0008151,19553,0.001432,0.000203,19706,0.0002622,0.0001888,0.0007396,0.002052,0.0027531
1500,Wilmington,North Carolina,NC,18429,0.0010852,9307,0.0017191,0.0004385,9122,0.0001928,0.0004812,0.0012184,0.0003128,0.004603
1600,Wilson,North Carolina,NC,13562,0.0005899,6784,0.0008844,0.0002951,6778,0,0,0.0012942,0.000994,0.0017889
1701,Raleigh,North Carolina,NC,67194,0.0029913,33593,0.0046141,0.0013696,33587,0.0000928,0.0004619,0.0015551,0.0038848,0.006677
1702,Henderson,North Carolina,NC,3675,0.0008163,1816,0.001652,0,1859,0,0.0009083,0.0017986,0.0023866,
1800,Goldsboro,North Carolina,NC,12154,0.0008228,5975,0.0015063,0.0001618,6179,0.0002943,0.0012214,0.00117,0.0005376,0.0009461
1900,Jacksonville,North Carolina,NC,29433,0.001359,14789,0.0023666,0.0003415,14640,0.000137,0.0011145,0.0010796,0.0019505,0.0041841
2000,Virginia Beach,Virginia,VA,67569,0.0010064,34011,0.0015877,0.0004172,33557,0.0000724,0.0003439,0.0009896,0.0010952,0.0030858
2100,Washington,North Carolina,NC,7359,0.0013589,3601,0.0019439,0.0007983,3758,0.0004268,0,0.0027682,0.0036069,0.0014245
2200,South Boston,Virginia,VA,8528,0.0007036,4244,0.0011781,0.0002334,4284,0,0.0008203,0.0011567,0.0007905,0.0017271
2300,Lynchburg,Virginia,VA,12421,0.0009661,6329,0.00158,0.0003284,6091,0.0004354,0,0.000353,0.0003744,0.0045616
2400,Richmond,Virginia,VA,59409,0.0017674,29711,0.0027599,0.0007746,29691,0.0005139,0.0002737,0.0007472,0.0014189,0.0046327
2500,Newport News,Virginia,VA,33704,0.0015132,17000,0.0024118,0.0005987,16703,0.0001513,0.0002924,0.0014761,0.001662,0.0044787
2600,Roanoke Rapids,North Carolina,NC,9231,0.00065,4610,0.0008677,0.0004328,4621,0.0002673,0.0003779,0.0014235,0.0010582,0.0020243
2700,Gulfport,Mississippi,MS,28312,0.0007064,14207,0.0010558,0.0003545,14104,0.0002611,0.0002902,0.0004795,0.0018868,0.0014631
2800,Laurel,Mississippi,MS,7792,0.0005133,3981,0.0010048,0,3811,0,0,0.0013928,0.0010582,0.0019646
2900,Hattiesburg,Mississippi,MS,10375,0.0003855,5135,0.0005842,0.0001909,5239,0.0002763,0,0,0,0.0030334
3001,Kosciusko,Mississippi,MS,3319,0,1608,0,0,1711,0,0,0,,
3002,Yazoo City,Mississippi,MS,3141,0,1526,0,0,1612,0,0,0,0,
3003,Jackson,Mississippi,MS,37168,0.0007533,18645,0.0012872,0.0002161,18513,0.0001702,0.0003341,0.0006773,0.0009179,0.0027537
3101,McComb,Mississippi,MS,7425,0.0002694,3782,0.0005288,0,3642,0,0.0005479,0,0,0.0023529
3102,Brookhaven,Mississippi,MS,3308,0.0009069,1710,0.0011696,0.0006258,1598,0.0008905,0,0.001626,0.0021053,0
3201,Jena,Louisiana,LA,1836,0,902,0,0,934,0,0,0,,
3202,Natchez,Mississippi,MS,5248,0.0001905,2585,0.0003868,0,2663,0,0,0,0,0.0024631
3203,Vicksburg,Mississippi,MS,6238,0.0004809,3076,0.0009753,0,3162,0.00042,0,0,0.0013106,0.0015129
3300,New Orleans,Louisiana,LA,92264,0.0012356,45766,0.0021195,0.0003658,46479,0.0004282,0.0004965,0.0008653,0.0013257,0.0040692
3400,Houma,Louisiana,LA,20165,0.0007935,9942,0.0015088,0.0000978,10220,0.0001939,0.0002286,0.0009058,0.0007528,0.0031362
3500,Baton Rouge,Louisiana,LA,54918,0.00122,27508,0.0021085,0.0003288,27371,0.0002052,0.0003492,0.0008587,0.0015764,0.0038392
3600,Alexandria,Louisiana,LA,13406,0.0002984,6746,0.0005929,0,6659,0.0002215,0,0.0008306,0,0.000777
3700,Lake Charles,Louisiana,LA,23418,0.0008967,11775,0.0014437,0.0003436,11642,0.0001823,0.0005996,0.0005969,0.0008423,0.0031706
3800,Lafayette,Louisiana,LA,39161,0.0009448,19507,0.0016917,0.0002036,19651,0.000359,0.0002359,0.001171,0.0012123,0.0026636
3901,Monroe,Louisiana,LA,17884,0.0006151,8893,0.0011245,0.0001112,8991,0.0001503,0.0002508,0.0013518,0.0016013,0.0005596
3902,Lake Providence,Louisiana,LA,1640,0.0006098,791,0,0.0011779,849,0,0,,,
4001,Magnolia,Arkansas,AR,2303,0.0008684,1167,0.0017138,0,1136,0,0.0018051,0,0,
4002,Shreveport,Louisiana,LA,34528,0.0006372,17390,0.0012076,0.0000584,17130,0.0002619,0.0002479,0.0004946,0.0007896,0.0025813
4003,Ruston,Louisiana,LA,4843,0.0008259,2429,0.0008234,0.0008285,2414,0,0.0008598,0.0010977,0.0013477,0.0018349
4004,Many,Louisiana,LA,1486,0.0013459,741,0.0026991,0,745,0,0,0,,
4101,Crossett,Arkansas,AR,1714,0,844,0,0,870,0,0,0,0,
4102,Pine Bluff,Arkansas,AR,11446,0.0006116,5769,0.0006934,0.0005286,5675,0,0.0003256,0.0004975,0.0020107,0.0022805
4103,El Dorado,Arkansas,AR,6306,0.0004757,3257,0.0009211,0,3049,0,0,0.0008097,0,0.0037736
4200,Little Rock,Arkansas,AR,38748,0.0008258,19544,0.0014838,0.0001562,19202,0,0.0002257,0.000636,0.0014881,0.0021892
4301,Stuttgart,Arkansas,AR,2722,0,1336,0,0,1386,0,0,0,0,
4302,Searcy,Arkansas,AR,5606,0.0007135,2749,0.0014551,0,2856,0,0.0007018,0.00078,0.0023613,0
4401,London,Kentucky,KY,7524,0.0005316,3813,0.0007868,0.0002695,3711,0,0.0005176,0,0.0019493,0.0019048
4402,Richmond,Kentucky,KY,5511,0.0007258,2731,0.0010985,0.0003597,2780,0,0,0,0.0031746,0.0020877
4501,West Liberty,Kentucky,KY,2330,0.0004292,1187,0.0008425,0,1143,0,0,0,0.0039683,
4502,Hazard,Kentucky,KY,6432,0.0006219,3240,0.0009259,0.0003133,3192,0.0005025,0,0.0006662,0,0.0050505
4601,Campbellsville,Kentucky,KY,4380,0.0006849,2228,0.0013465,0,2152,0,0,0.0009625,0.0021097,
4602,Somerset,Kentucky,KY,6557,0.0004575,3341,0.0008979,0,3216,0,0,0.0007369,0.0014577,0.0025316
4701,Greenwood,Mississippi,MS,6183,0.0004852,3064,0.0009791,0,3119,0,0.0005988,0,0,0.0051546
4702,Clarksdale,Mississippi,MS,9766,0.000512,4861,0.0008229,0.0002039,4905,0,0.0003604,0.0007622,0.0011198,0.0032733
4800,Greenville,Mississippi,MS,12320,0.0002435,6126,0.0004897,0,6194,0,0.000585,0,0,0.0014903
4901,Jackson,Tennessee,TN,12086,0.0006619,6125,0.0011429,0.0001678,5961,0.0006636,0,0.0004019,0.0014198,0.0016155
4902,Dyersburg,Tennessee,TN,5784,0.0006916,2927,0.0013666,0,2857,0,0.0011117,0.0008749,0.00125,0
4903,Lexington,Tennessee,TN,2497,0.0004005,1254,0.0007974,0,1243,0.0017889,0,0,0,
5000,Tupelo,Mississippi,MS,13979,0.0004292,7064,0.0005663,0.0002893,6914,0,0.000261,0.0003445,0.000932,0.0016964
5100,Corinth,Mississippi,MS,6931,0.0007214,3571,0.0014002,0,3360,0.0005444,0,0.0018564,0.0008826,0
5201,New Albany,Mississippi,MS,3272,0.0003056,1621,0.0006169,0,1651,0,0,0,0.0021097,
5202,Memphis,Tennessee,TN,75314,0.0011817,37887,0.0019796,0.0003741,37424,0.0003111,0.000316,0.0009769,0.0015298,0.0036179
5300,West Memphis,Arkansas,AR,10016,0.0004992,5025,0.000398,0.0006011,4991,0.000467,0.0003648,0,0,0.0033223
5401,Bowling Green,Kentucky,KY,9211,0.00076,4648,0.0008606,0.0006575,4563,0,0.0004751,0,0.0005504,0.0043141
5402,Glasgow,Kentucky,KY,4930,0.0002028,2487,0,0.0004095,2442,0,0.0007231,0,0,0
5500,Columbia,Tennessee,TN,10297,0.0006798,5253,0.0013326,0,5043,0,0.0004568,0.0009294,0.0003865,0.0019737
5600,Nashville,Tennessee,TN,69279,0.0014579,34903,0.002378,0.0005237,34373,0.0003483,0.0005135,0.0008467,0.0013525,0.0038153
5700,Tullahoma,Tennessee,TN,7432,0.0013455,3735,0.0018742,0.0008115,3697,0,0.0017281,0,0.0013245,0.0058072
5800,Dickson,Tennessee,TN,8325,0.0012012,4171,0.0021578,0.0002407,4154,0,0.0009195,0.0005163,0.0019608,0.005571
5900,Clarksville,Tennessee,TN,13859,0.0008659,7093,0.0015508,0.0001478,6766,0,0,0.0010471,0.0024155,0.001759
6000,Huntsville,Alabama,AL,30643,0.0016643,15498,0.0025165,0.0007926,15140,0.0003348,0.0006769,0.0006765,0.0021558,0.0042493
6100,Gadsden,Alabama,AL,17878,0.0005034,8941,0.0008948,0.0001119,8936,0.0004147,0,0.0004824,0.0010263,0.0012634
6200,Florence,Alabama,AL,13519,0.0004438,6903,0.0007243,0.0001511,6616,0.0003072,0,0.0006519,0,0.0019973
6301,McMinnville,Tennessee,TN,4793,0.0010432,2389,0.0016743,0.000416,2404,0.0008,0,0.0017241,0.0026144,0
6302,Cookeville,Tennessee,TN,5187,0.0013495,2703,0.0018498,0.0008052,2484,0,0.0007215,0.0016103,0.0035545,0.0021186
6401,Chattanooga,Tennessee,TN,28097,0.0012457,14097,0.0021281,0.0003572,13999,0.000328,0.0009155,0.0003412,0.0015751,0.0037744
6402,Crossville,Tennessee,TN,5212,0.0009593,2671,0.0011232,0.0007871,2541,0,0.0006481,0,0.0044843,0.0034602
6501,Ellijay,Georgia,GA,2000,0.001,1032,0.001938,0,968,0,0,0,,
6502,Cleveland,Tennessee,TN,10952,0.0006392,5523,0.0009053,0.0003684,5429,0.0004054,0.0007283,0,0.0005131,0.0025619
6600,Rome,Georgia,GA,23833,0.0007553,12058,0.0014099,0.000085,11771,0,0.0003151,0.000571,0.0012216,0.0030616
6700,Tampa,Florida,FL,101682,0.0019669,51354,0.0030183,0.0008942,50324,0.0006208,0.0012608,0.0013437,0.0025966,0.0059607
6800,Lakeland,Florida,FL,31525,0.000793,15955,0.0011282,0.0004496,15570,0.000331,0.000231,0.0008687,0.0018378,0.0023594
6900,Sarasota,Florida,FL,29346,0.0014653,14793,0.0022984,0.0006184,14553,0.0009851,0.0009651,0.0012561,0.0019608,0.0026473
7000,Miami,Florida,FL,172669,0.0016332,84755,0.0025721,0.0007282,87886,0.0006292,0.0009708,0.0017511,0.0017972,0.0039045
7100,Port St. Lucie,Florida,FL,65437,0.0023993,32726,0.0040029,0.0007949,32707,0.0003505,0.0015708,0.0013265,0.0032231,0.0059354
7200,Cape Coral,Florida,FL,24471,0.0013077,12318,0.0019484,0.0006584,12151,0.0005485,0.000808,0.00061,0.0007333,0.0047306
7300,Palm Bay,Florida,FL,29292,0.0022873,14791,0.0033128,0.0012414,14500,0.0013267,0.0016176,0.0010104,0.0031579,0.005999
7400,Orlando,Florida,FL,85323,0.001465,42700,0.0024356,0.0004928,42614,0.0002993,0.0005995,0.0011649,0.00302,0.0036716
7500,Deltona,Florida,FL,26015,0.0013069,13214,0.0018919,0.0007032,12799,0.0002737,0.0007055,0.0020422,0.001075,0.0054348
7600,Jacksonville,Florida,FL,70290,0.0010812,35116,0.0015947,0.0005686,35172,0.0006843,0.0002893,0.0009138,0.0015538,0.0028562
7700,Lake City,Florida,FL,8798,0.0009093,4510,0.0015521,0.0002332,4288,0.0007,0.001157,0.0010947,0,0.0021459
7800,Ocala,Florida,FL,16864,0.0010081,8541,0.0015221,0.0004806,8323,0.0003821,0.0006227,0.0011312,0.0029426,0.0016168
7900,Gainesville,Florida,FL,16366,0.0014054,8262,0.0024207,0.0003702,8104,0.0004438,0.0004441,0.0009308,0.003367,0.0045532
8000,Sumter,South Carolina,SC,14416,0.0009018,7235,0.0009675,0.0008357,7180,0.0004372,0.0007545,0.0007323,0.0009756,0.00369
8100,Columbia,South Carolina,SC,42775,0.0012858,21391,0.0021037,0.0004677,21382,0.000187,0.000596,0.0006437,0.0018634,0.0041574
8201,Barnwell,South Carolina,SC,5222,0.0001915,2619,0.0003818,0,2600,0,0,0,0.0015699,0
8202,Charleston,South Carolina,SC,34547,0.0011868,17022,0.0018212,0.0005706,17525,0.0001069,0.0011362,0.0004467,0.0011874,0.0045026
8300,Greenville,South Carolina,SC,49743,0.0011861,25061,0.0017557,0.0006078,24680,0.0001933,0.0006934,0.001383,0.0011559,0.0029186
8401,Aiken,Georgia,GA,34648,0.0014431,17320,0.002194,0.0006929,17319,0.000224,0.0003865,0.000972,0.001916,0.0048904
8402,Washington,Georgia,GA,2369,0,1154,0,0,1215,0,0,0,0,
8501,Fitzgerald,Georgia,GA,1913,0,959,0,0,954,0,0,0,0,
8502,Cordele,Georgia,GA,3235,0.0003091,1616,0.0006188,0,1619,0,0,0,0.0026954,
8503,Valdosta,Georgia,GA,14884,0.000739,7562,0.0014546,0,7322,0.0001986,0.000533,0.0014766,0.0009906,0.0014609
8601,Waycross,Georgia,GA,7233,0.0004148,3588,0.0002787,0.0005487,3645,0.0004052,0,0.0007651,0,0.0018182
8602,Brunswick,Georgia,GA,5386,0.0007427,2756,0.0010885,0.0003802,2630,0,0,0.001005,0,0.0039894
8701,Hinesville,Georgia,GA,7859,0.0001272,3896,0.0002567,0,3963,0,0,0.0005219,0,0
8702,Statesboro,Georgia,GA,6316,0.0003167,3210,0,0.0006439,3106,0,0.0006601,0.0009107,0,0
8800,Savannah,Georgia,GA,24363,0.0008209,12186,0.0011489,0.0004928,12175,0.0001544,0.0005438,0.0008586,0.0011942,0.0019858
8900,Macon,Georgia,GA,24772,0.0008881,12316,0.0015427,0.0002409,12454,0.0001531,0,0.000654,0.0019116,0.0023968
9001,Vidalia,Georgia,GA,6644,0.0004515,3259,0.0006137,0.0002954,3385,0,0.0005882,0.0008666,0,0.0018657
9002,Milledgeville,Georgia,GA,4852,0.0002061,2409,0.0004151,0,2443,0,0,0.001287,0,0
9003,Dublin,Georgia,GA,5049,0.0003961,2520,0.0007937,0,2528,0.0005388,0,0,0,0.0020492
9100,Atlanta,Georgia,GA,155150,0.001592,77900,0.0024262,0.0007511,77225,0.0002401,0.0006474,0.0010596,0.0017249,0.0036107
9200,Griffin,Georgia,GA,8210,0.0004872,4222,0.0007106,0.0002509,3986,0,0.0004697,0.0005981,0,0.002635
9301,Winder,Georgia,GA,9838,0.0011181,4977,0.0018083,0.0004116,4859,0.000854,0.0004543,0.0021097,0.0005841,0.0017783
9302,Toccoa,Georgia,GA,5033,0.0009934,2570,0.0019455,0,2463,0,0,0.00181,0.0040928,0
9400,Gainesville,Georgia,GA,13609,0.0011757,6943,0.0017284,0.0006001,6666,0,0.000645,0.0013219,0.0011316,0.0036573
9500,Talladega,Alabama,AL,8801,0.0004545,4396,0.0006824,0.000227,4405,0.000672,0.0004034,0,0.0008157,0
9600,LaGrange,Georgia,GA,28725,0.0007659,14389,0.0013205,0.0002093,14335,0,0.0007134,0.0003227,0.000993,0.0030637
9701,Columbus,Georgia,GA,19546,0.0006651,9726,0.0010282,0.0003056,9818,0.0001834,0.0001866,0,0.0021209,0.0024534
9702,Americus,Georgia,GA,3694,0.0008121,1860,0.0005376,0.0010905,1834,0,0,0.0017794,0.0022727,0.0035088
9800,Auburn,Alabama,AL,7470,0.0014726,3712,0.0024246,0.0005322,3758,0,0.0010157,0.002441,0.0018975,0.0044743
9900,Tallahassee,Florida,FL,23707,0.001392,11907,0.0020156,0.0007628,11798,0.0004543,0.0006416,0.0008797,0.0027579,0.004451
10000,Panama City,Florida,FL,9959,0.0009037,5094,0.0013742,0.0004111,4865,0.0003552,0.0003752,0.0008503,0.0014738,0.0038961
10101,Bainbridge,Georgia,GA,2891,0,1478,0,0,1413,0,0,0,0,
10102,Thomasville,Georgia,GA,4687,0.0004267,2345,0.0008529,0,2342,0,0,0,0.0017182,0.0024096
10200,Albany,Georgia,GA,12439,0.0007235,6152,0.0006502,0.0007953,6287,0,0.000357,0.0005247,0.0021858,0.0021692
10301,Eufaula,Georgia,GA,4070,0.0002457,1975,0.0005063,0,2095,0,0,0,0.0026042,0
10302,Dothan,Alabama,AL,14332,0.0006977,7279,0.0012364,0.0001418,7052,0.0002396,0,0.0006833,0.0021304,0.0012369
10400,Meridian,Mississippi,MS,10592,0.0005665,5358,0.0009332,0.0001911,5234,0.0002633,0.0007561,0.0005283,0.0007331,0.0011211
10501,Columbus,Mississippi,MS,6795,0.0004415,3403,0.0008816,0,3392,0,0.0005977,0,0.0011751,0.0016529
10502,Starkville,Mississippi,MS,6457,0.0006195,3278,0.0012203,0,3179,0.0004078,0,0,0,0.0056818
10600,Jasper,Alabama,AL,9799,0.0001021,4974,0.000201,0,4825,0,0,0,0,0.001287
10700,Birmingham,Alabama,AL,62246,0.0010442,31178,0.0017641,0.000322,31056,0,0.0003013,0.0007997,0.0008293,0.0035005
10801,Tuscaloosa,Alabama,AL,16665,0.00042,8326,0.0007206,0.0001199,8338,0,0,0.0003788,0.001626,0.0010417
10802,Demopolis,Alabama,AL,4377,0.0002285,2143,0,0.0004478,2233,0,0,0.0020367,0,0
10900,Pensacola,Florida,FL,36004,0.0012221,18194,0.0019237,0.0005054,17808,0.0002231,0.0005463,0.0010412,0.0022325,0.0043872
11001,Mobile,Alabama,AL,39036,0.0006917,19702,0.0010659,0.0003104,19327,0.0001695,0.0002269,0.0004242,0.0006237,0.0032408
11002,Atmore,Alabama,AL,5066,0.0001974,2555,0.0003914,0,2511,0.0005615,0,0,0,0
11101,Montgomery,Alabama,AL,24406,0.0005327,12217,0.0009822,0.0000821,12187,0,0,0.0002458,0.0010585,0.0023571
11102,Troy,Alabama,AL,5020,0.0001992,2495,0.0004008,0,2525,0,0,0.0011641,0,0
11201,Bluefield,Virginia,VA,10593,0.000944,5328,0.0016892,0.0001899,5265,0.0007822,0,0.0011433,0.0015957,0.0020492
11202,Welch,West Virginia,WV,2762,0,1340,0,0,1422,0,0,0,0,
11203,Big Stone Gap,Virginia,VA,4710,0.0006369,2359,0.0012717,0,2351,0,0,0.0008636,0,0.0057803
11301,Fredericksburg,Virginia,VA,15040,0.0015957,7596,0.0027646,0.000403,7444,0.001385,0.0009403,0.0007215,0.0018944,0.0022351
11302,Baltimore,Maryland,MD,139865,0.0021592,69318,0.003419,0.0009215,70540,0.0005566,0.0005219,0.0011817,0.0016011,0.0052601
11303,Colonial Beach,Virginia,VA,3131,0.0009582,1584,0.0018939,0,1547,0,0,0.0016835,0,0.0069204
11304,Washington DC,District of Columbia,DC,231014,0.0026535,114724,0.0042886,0.0010406,116278,0.0008829,0.0003513,0.0013481,0.0021994,0.0049053
11401,Marquette,Michigan,MI,8017,0.0038668,4083,0.0056331,0.0020336,3934,0.0008658,0.0035817,0.0034671,0.0035698,0.0082919
11402,Marinette,Michigan,MI,8140,0.0036855,4085,0.0058752,0.0014797,4055,0.0028222,0.0029568,0.0020877,0.0049579,0.0071869
11403,Sault Ste. Marie,Michigan,MI,3322,0.0021072,1704,0.0023474,0.0018553,1617,0,0,0.0024783,0.0028986,0.0103093
11500,Jackson,Michigan,MI,19475,0.002208,9954,0.0037171,0.0006302,9521,0.0012126,0.0011435,0.0015566,0.0011342,0.0061895
11600,Detroit,Michigan,MI,301139,0.0038421,151503,0.0061979,0.0014572,149606,0.000641,0.001444,0.0018398,0.0032728,0.0077914
11700,Lansing,Michigan,MI,27825,0.0033783,14002,0.0057849,0.0009406,13821,0.0006447,0.0007481,0.0024255,0.002769,0.0073399
11800,Mount Pleasant,Michigan,MI,7837,0.0014036,3937,0.002286,0.0005128,3900,0,0.0005447,0.0020899,0.0005907,0.0048077
11900,Saginaw,Michigan,MI,35111,0.0034177,17664,0.0056046,0.0012037,17446,0.0007171,0.0015141,0.0020094,0.0034214,0.0082374
12001,Big Rapids,Michigan,MI,7859,0.0022904,3997,0.0042532,0.0002589,3862,0.0006729,0.0019891,0.001494,0.004519,0.0037267
12002,Ludington,Michigan,MI,3318,0.0033153,1677,0.0053667,0.0012188,1641,0,0,0.0033557,0.0029455,0.0150754
12100,Kalamazoo,Michigan,MI,30731,0.0027985,15491,0.0045188,0.0010499,15240,0.0002279,0.0016499,0.0006131,0.0029412,0.0072622
12200,Grand Rapids,Michigan,MI,86290,0.0028509,43258,0.0049702,0.0007204,43031,0.0005329,0.0012158,0.001446,0.0029763,0.0064625
12301,Traverse City,Michigan,MI,9458,0.0030662,4819,0.0051878,0.0008626,4637,0.0015601,0.0020398,0.0011928,0.0045998,0.0065531
12302,Petoskey,Michigan,MI,5292,0.0017007,2710,0.002952,0.0003873,2582,0,0,0.0007257,0.0046083,0.0039063
12401,Alpena,Michigan,MI,5407,0.0022193,2770,0.0025271,0.0018961,2637,0,0.0015083,0.0028531,0.0036832,0.003861
12402,Grayling charter,Michigan,MI,6541,0.0018346,3338,0.0026962,0.0009366,3203,0.0013184,0.001938,0.0012555,0.0008,0.0063191
12501,Dayton,Ohio,OH,74729,0.0019671,37475,0.0029887,0.0009397,37244,0.0001948,0.001132,0.0008709,0.0027568,0.0047925
12502,Washington Court House,Ohio,OH,7349,0.0006804,3799,0.0007897,0.0005637,3548,0,0.000469,0.0005056,0,0.0052356
12600,Wayne,Indiana,IN,6705,0.0008949,3376,0.0017773,0,3329,0,0,0.0005774,0.0013289,0.0034247
12701,Cincinnati,Ohio,OH,123381,0.0030556,61968,0.0047282,0.001368,61403,0.0007635,0.0008519,0.0014927,0.0037095,0.0069021
12702,Maysville,Kentucky,KY,3187,0.0003138,1620,0.0006173,0,1567,0.0011933,0,0,0,
12800,Washington,Indiana,IN,9417,0.0025486,4696,0.0042589,0.0008473,4721,0,0.0005543,0.0019516,0.0034803,0.0060241
12901,Lexington-Fayette,Kentucky,KY,27453,0.0022948,13866,0.0039665,0.0005888,13586,0.0012336,0.0012835,0.0003668,0.0013889,0.0067545
12902,Mount Sterling,Kentucky,KY,2119,0,1082,0,0,1037,0,0,0,0,
12903,Danville,Kentucky,KY,4921,0.0012193,2433,0.0016441,0.0008039,2488,0,0,0.0017065,0.002064,0.004386
13000,Elizabethtown,Kentucky,KY,11772,0.0005097,5974,0.0010044,0,5798,0.0004697,0.0003393,0.0003014,0,0.0028708
13101,Louisville,Kentucky,KY,65007,0.0015075,32542,0.0023047,0.0007085,32463,0.000554,0.0007123,0.0007541,0.0014526,0.0037616
13102,Madison,Indiana,IN,3025,0.0013223,1517,0.0019776,0.0006631,1508,0,0,0.0025543,0.0033613,0
13103,Bardstown,Kentucky,KY,4365,0.0018328,2186,0.0036597,0,2179,0.0013141,0.0009099,0.0017406,0.0032715,0.0022779
13200,Owensboro,Kentucky,KY,11238,0.0015127,5600,0.0025,0.0005321,5638,0,0.0004097,0.0013418,0.0020317,0.0055911
13300,Findlay,Ohio,OH,16630,0.0021648,8259,0.0037535,0.0005974,8369,0.0005602,0.0005233,0.0022518,0.0027523,0.0056243
13400,Lima,Ohio,OH,19527,0.0024581,9905,0.0035336,0.0013512,9621,0,0.0004863,0.0021053,0.0034136,0.0062967
13501,Toledo,Ohio,OH,54484,0.0026063,27443,0.0042634,0.0009246,27038,0.0007487,0.0011918,0.0019605,0.002735,0.0052951
13502,Defiance,Ohio,OH,7297,0.0013704,3661,0.0024583,0.000275,3636,0,0,0.0023419,0.0009583,0.0033113
13600,South Bend,Indiana,IN,42278,0.0022943,21408,0.0037836,0.0007667,20870,0.0008691,0.0016115,0.0009291,0.0028588,0.0053505
13700,Concord,Indiana,IN,24685,0.0020255,12565,0.0035018,0.000495,12120,0.000974,0.0007225,0.0013425,0.0028711,0.0049361
13800,Wayne,Indiana,IN,8921,0.0040354,4570,0.0067834,0.0011492,4351,0.0010989,0.0018105,0.0024184,0.0037313,0.0116359
13900,Center,Indiana,IN,12500,0.00224,6361,0.0036158,0.0008145,6139,0.0006519,0.001385,0.000701,0.0021361,0.005618
14000,Muncie,Indiana,IN,24498,0.0014695,12510,0.0023181,0.000584,11987,0.000526,0.0008079,0.0015576,0.001569,0.0028362
14100,Fort Wayne,Indiana,IN,37157,0.0028258,18740,0.005016,0.0005973,18416,0.0007688,0.0012461,0.002272,0.0030059,0.0055707
14200,Indianapolis,Indiana,IN,91085,0.0025251,45842,0.0041883,0.0008399,45242,0.0006219,0.0008229,0.0014741,0.0028218,0.0050906
14300,Columbus,Indiana,IN,10051,0.0027858,5070,0.0045365,0.0010042,4979,0,0.000461,0.0027668,0.0028759,0.007706
14400,Terre Haute,Indiana,IN,15727,0.0020983,7991,0.0032537,0.0009049,7736,0.0004011,0.0009012,0.0009869,0.0030295,0.0063035
14500,Lafayette,Indiana,IN,20475,0.0028816,10544,0.004742,0.0009063,9931,0.0007637,0.0010466,0.0017741,0.0029817,0.0077886
14600,Bloomington,Indiana,IN,15066,0.0022567,7703,0.0041542,0.0002716,7363,0.0004246,0.0009222,0.0008121,0.0034722,0.0064991
14700,Evansville,Indiana,IN,25024,0.0033967,12551,0.0053382,0.0014431,12473,0.0009846,0.0013492,0.0016821,0.0046248,0.0071692
14801,Olney,Illinois,IL,3587,0.0019515,1815,0.0027548,0.0011287,1772,0,0.0011236,0.0019608,0.0027322,0.0071942
14802,Vincennes,Indiana,IN,3460,0.0017341,1742,0.0034443,0,1718,0,0.0026247,0.0010718,0,0.0068807
14900,Gary,Indiana,IN,45245,0.0019008,22789,0.0030278,0.0007571,22454,0.0009893,0.0007301,0.0008521,0.0018687,0.004391
15000,Canton,Ohio,OH,44976,0.002468,22527,0.0041728,0.0007577,22436,0.0006357,0.0010338,0.0016205,0.0029481,0.0083243
15100,Lorain,Ohio,OH,28322,0.002295,14281,0.0039213,0.0006411,14038,0.0002777,0.0014937,0.0018139,0.0034238,0.0036924
15200,Cleveland,Ohio,OH,157087,0.0028901,78854,0.004502,0.0012657,78219,0.0004849,0.0009734,0.0020952,0.0035686,0.0064989
15300,Parkersburg,West Virginia,WV,12640,0.0013449,6448,0.0015509,0.0011305,6192,0,0.0006882,0.0009794,0.0024544,0.003358
15400,Zanesville,Ohio,OH,12825,0.0007018,6414,0.0010914,0.000312,6411,0.0004021,0.0005522,0.0005792,0.0004151,0.0035129
15500,Steubenville,Ohio,OH,7822,0.0007671,3947,0.0015201,0,3875,0.0014684,0,0.0013692,0.0005058,0
15600,Wheeling,West Virginia,WV,11381,0.0015816,5683,0.0029914,0.0001755,5698,0.0004755,0.0007522,0.0024527,0.0016214,0.0030817
15700,Scioto,Ohio,OH,13435,0.0006699,6865,0.001311,0,6570,0.0006691,0,0.0009033,0.000383,0.003006
15800,Athens,Ohio,OH,7910,0.0013906,3962,0.0020192,0.0007601,3947,0,0,0.0009916,0.0036153,0.005698
15900,Columbus,Ohio,OH,94011,0.0024252,47063,0.0041646,0.0006818,46934,0.0006375,0.0007483,0.0013349,0.0025577,0.0060669
16000,Mansfield,Ohio,OH,20573,0.0019929,10429,0.0032601,0.0006901,10144,0.0006821,0.0006077,0.0012119,0.0034021,0.0058427
16100,State College,Pennsylvania,PA,15970,0.0025673,8115,0.0041898,0.0008912,7855,0.0004261,0.001392,0.0011279,0.0023276,0.0101805
16200,Altoona,Pennsylvania,PA,24676,0.0016615,12371,0.0028292,0.0004876,12304,0,0.000661,0.0019611,0.0021286,0.0049923
16300,Pittsburgh,Pennsylvania,PA,140754,0.0031118,70923,0.0048503,0.0013463,69819,0.0007591,0.0014126,0.0020487,0.003609,0.0066625
16400,Youngstown,Ohio,OH,48581,0.0019349,24210,0.002974,0.0009029,24365,0.0011074,0.0008455,0.001789,0.002357,0.0045593
16500,Erie,Pennsylvania,PA,41243,0.0028611,20912,0.0049732,0.0006886,20331,0.0008919,0.0016809,0.0026787,0.0030815,0.0072829
16600,Roanoke,Virginia,VA,22913,0.0024004,11646,0.0041216,0.0006213,11267,0.0005131,0.0010513,0.0016962,0.0018105,0.0075339
16701,Elkins,West Virginia,WV,3281,0.0018287,1694,0.0023613,0.0012602,1587,0,0.0019802,0.003886,0.0022523,
16702,Morgantown,West Virginia,WV,14005,0.0015709,6992,0.0021453,0.0009981,7013,0.0003697,0.000911,0.0005977,0.0021186,0.0054675
16703,Buckhannon,West Virginia,WV,2356,0.0008489,1151,0.0017376,0,1205,0,0,0,0,
16801,Beckley,West Virginia,WV,9564,0.0006274,4792,0.0008347,0.0004192,4771,0,0.0004115,0.0008913,0.0005831,0.0022497
16802,Summersville,West Virginia,WV,3105,0.0006441,1564,0.0006394,0.0006489,1541,0,0,0.0013495,0,
16901,Charleston,West Virginia,WV,19655,0.0012719,10051,0.0019899,0.0005206,9604,0.0002572,0.0002492,0.0004578,0.000951,0.0053476
16902,Spencer,West Virginia,WV,1333,0,679,0,0,654,0,0,0,,
17000,Pikeville,Kentucky,KY,11480,0.0005226,5733,0.0008721,0.000174,5747,0.0002955,0.0003613,0.0003805,0,0.0033632
17100,Huntington,Kentucky,KY,18863,0.0008482,9512,0.0011564,0.0005347,9351,0.0002261,0.0004706,0.0006949,0.0008465,0.0030043
17200,Harrisonburg,Virginia,VA,9003,0.001444,4510,0.002439,0.0004451,4493,0,0.0009838,0.0004296,0.0010532,0.0060652
17300,Staunton,Virginia,VA,10500,0.002381,5300,0.004717,0,5200,0.0011468,0.0012717,0.0007305,0.0025641,0.0090978
17400,Hagerstown,Pennsylvania,PA,22690,0.0015425,11402,0.0026311,0.0004429,11288,0,0.0010185,0.0011572,0.0023923,0.0032144
17501,Cumberland,Maryland,MD,8691,0.0013807,4361,0.0020637,0.0006928,4330,0.0011249,0.0004464,0.0017528,0.0012361,0.003881
17502,Winchester,Virginia,VA,6586,0.0013665,3350,0.0026866,0,3236,0,0.0007082,0.0018304,0.0013689,0.0025424
17600,Charlottesville,Virginia,VA,13762,0.0016713,7000,0.0028571,0.0004437,6762,0.0004115,0.0006928,0.0025234,0.0017864,0.0027855
17700,Syracuse,New York,NY,66378,0.0031185,33675,0.0050483,0.0011314,32702,0.0004951,0.0010594,0.0026543,0.0034296,0.0074807
17800,Oneonta,New York,NY,9800,0.002449,4971,0.0040233,0.0008283,4829,0.0010422,0.0011538,0.0008428,0.0059172,0.0057197
17900,Union,New York,NY,18033,0.0038818,9265,0.0059363,0.0017108,8768,0.0007228,0.0013048,0.0025864,0.0070369,0.0074953
18000,Buffalo,New York,NY,140607,0.0032217,70855,0.0051937,0.0012187,69746,0.0008387,0.0012323,0.002134,0.0036379,0.0066833
18100,Elmira,New York,NY,20459,0.0042524,10263,0.0069181,0.0015694,10195,0.0014434,0.0026115,0.0029383,0.0049881,0.0110211
18201,Olean,New York,NY,12875,0.0026408,6575,0.003346,0.0019051,6299,0.0008532,0.0025625,0.0013654,0.0031092,0.0093697
18202,St. Marys,Pennsylvania,PA,2852,0.0035063,1433,0.0062805,0.0007047,1419,0.0072727,0.004158,0.0011442,0.0046189,0.002809
18300,Watertown,New York,NY,15924,0.00157,8024,0.001994,0.0011392,7900,0.0006824,0.0013168,0.0004716,0.0024922,0.0045845
18400,Plattsburgh,New York,NY,10081,0.0020831,5094,0.0035336,0.0006016,4987,0,0.0013204,0.0011574,0.0045106,0.0042301
18500,Amsterdam,New York,NY,7180,0.001532,3593,0.0025049,0.0005576,3587,0.0006845,0.0005546,0.0028902,0.0007097,0.003861
18600,Albany,New York,NY,58802,0.0032822,29744,0.0054801,0.0010325,29055,0.0013676,0.0014104,0.0020018,0.003664,0.0065266
18700,Sunbury,Pennsylvania,PA,11272,0.0021292,5712,0.0033263,0.0008993,5560,0.0019317,0.0011253,0.0012034,0.0021758,0.0062893
18800,Scranton,Pennsylvania,PA,47498,0.0021475,24067,0.0034487,0.0008109,23430,0.0008522,0.0014366,0.0013233,0.0023647,0.0052452
18900,Williamsport,Pennsylvania,PA,13802,0.0021011,6862,0.003789,0.0004323,6940,0.0004344,0.0003054,0.0010417,0.0047741,0.0060132
19000,Allentown,Pennsylvania,PA,35352,0.0036773,17809,0.0057274,0.0015963,17541,0.0002505,0.0017271,0.0024685,0.0033296,0.007898
19100,Reading,Pennsylvania,PA,64866,0.0025437,32702,0.0041588,0.0009017,32160,0.0006943,0.0014003,0.0008049,0.0032364,0.0058672
19200,Harrisburg,Pennsylvania,PA,61508,0.0025037,30816,0.0041861,0.0008146,30690,0.0004317,0.0011032,0.0012143,0.0029929,0.0057665
19300,Poughkeepsie,New York,NY,49123,0.0027482,24744,0.0042435,0.0012309,24373,0.0004688,0.0016095,0.001601,0.0026125,0.0054429
19400,New York,New York,NY,477899,0.0018958,237455,0.0029985,0.000807,240383,0.0005383,0.000913,0.0014964,0.002215,0.0041859
19500,Toms River,New Jersey,NJ,59250,0.0029367,29866,0.0041854,0.0016678,29380,0.0007468,0.0018602,0.0010368,0.0025965,0.0048123
19600,Newark,New Jersey,NJ,271995,0.0032905,135300,0.0051515,0.001449,136646,0.0009337,0.0012708,0.0017231,0.0028263,0.0058585
19700,Philadelphia,Pennsylvania,PA,309343,0.002279,154868,0.0036354,0.000913,154442,0.0003712,0.0006628,0.0015181,0.0023983,0.0046511
19800,Wilmington,Delaware,DE,33005,0.002636,16641,0.0043267,0.0009167,16363,0.0004706,0.0007163,0.0010098,0.0020869,0.0061703
19901,Dover,Delaware,DE,24471,0.0013077,12347,0.0021058,0.0004949,12124,0.0007037,0.0001718,0.0009756,0.0017509,0.0042774
19902,Easton,Maryland,MD,8635,0.0012739,4360,0.0018349,0.0007019,4274,0,0.0005025,0.0011338,0.0011351,0.0042493
19903,Chincoteague,Virginia,VA,2833,0.000706,1438,0,0.0014337,1395,0.0008078,0,0,0.0036232,
20001,Bangor,Maine,ME,17422,0.0021238,8735,0.00332,0.0009209,8687,0.0015699,0.0014101,0.0013354,0.0023283,0.0058451
20002,Calais,Maine,ME,2181,0.0013755,1068,0.002809,0,1113,0,0.0031496,0.0020576,0,
20003,Presque Isle,Maine,ME,4734,0.0014787,2395,0.0020877,0.0008551,2339,0,0,0.0015662,0.0059524,0
20100,Portland,Maine,ME,41647,0.0026893,21012,0.0040929,0.0012602,20632,0.0009706,0.001323,0.0021405,0.0029905,0.0065147
20200,Burlington,Vermont,VT,19023,0.0041529,9539,0.0070238,0.0012654,9483,0.0021044,0.0013966,0.0024128,0.0046144,0.0093505
20301,Berlin,Vermont,VT,6264,0.002235,3169,0.0037867,0.0006462,3095,0,0.0018428,0.0028852,0.0042017,0.0018904
20302,Claremont,Vermont,VT,16651,0.0029428,8509,0.005171,0.0006142,8141,0.0018657,0.0010805,0.0034554,0.0047319,0.0030075
20401,Providence,Rhode Island,RI,80887,0.002658,40742,0.0041481,0.001146,40141,0.0006587,0.0009191,0.0015807,0.0022865,0.0066182
20402,Nantucket,Massachusetts,MA,381,0,,,,,,,,,
20403,Oak Bluffs,Massachusetts,MA,799,0.0012516,398,0.0025126,0,401,,,,,
20500,Boston,Massachusetts,MA,235108,0.003828,117888,0.0059463,0.0016894,117203,0.0012928,0.0014647,0.0025843,0.0028024,0.006866
20600,Manchester,New Hampshire,NH,71356,0.0036017,35758,0.0056491,0.0015451,35596,0.0003118,0.0020597,0.0018718,0.003217,0.0074171
20700,Keene,New Hampshire,NH,7439,0.0038984,3855,0.0054475,0.0022321,3584,0.0042827,0.0019443,0.0021186,0.0038781,0.0086682
20800,Springfield,Massachusetts,MA,36795,0.003207,18402,0.0053799,0.0010332,18390,0.0007808,0.0015316,0.0025697,0.0040229,0.0058125
20901,Bridgeport,Connecticut,CT,171565,0.0032641,86019,0.0052082,0.0013096,85522,0.0006385,0.0013372,0.0019564,0.0027343,0.005863
20902,Pittsfield,Massachusetts,MA,9911,0.002926,5042,0.0049583,0.0008215,4869,0,0.0025025,0.0021863,0.0025221,0.0071272
21001,Ashland,Wisconsin,WI,3309,0.0030221,1718,0.0052386,0.0006285,1591,0,0.00246,0.0020661,0.0042017,0.0102041
21002,Houghton,Michigan,MI,2750,0.0029091,1404,0.0049858,0.0007429,1346,0.002451,0,0.0025707,0.0048701,0.0062305
21003,Ironwood,Michigan,MI,1902,0.0026288,953,0.0041973,0.0010537,949,0,0.0021645,0.0017889,0.0057803,
21004,Rhinelander,Wisconsin,WI,4118,0.0026712,2104,0.0047529,0.0004965,2014,0,0.0010163,0,0.0057604,0.0090909
21101,Rice Lake,Wisconsin,WI,6724,0.0035693,3456,0.0054977,0.00153,3268,0.0008734,0.0028719,0.0037534,0.0053558,0.006006
21102,Amery,Wisconsin,WI,3892,0.0025694,1952,0.0035861,0.0015464,1940,0,0.0037879,0,0.0036597,0.006772
21201,Hutchinson,Minnesota,MN,5267,0.0032276,2639,0.005305,0.0011416,2628,0.0023529,0.0010194,0.0033512,0.0030451,0.0068776
21202,Redwood Falls,Minnesota,MN,2728,0.0036657,1400,0.0064286,0.000753,1328,0,0.0015601,0.0046512,0.0015432,0.0122699
21301,Mankato,Minnesota,MN,10788,0.0027809,5449,0.0055056,0,5339,0.0035971,0.0010433,0.0032927,0.0030148,0.0029709
21302,Owatonna,Minnesota,MN,7674,0.0032578,3766,0.0063728,0.0002559,3908,0,0.0008532,0.0014786,0.0044106,0.0068966
21400,St. Cloud,Minnesota,MN,18640,0.0029506,9494,0.0049505,0.0008747,9146,0.0006553,0.0009718,0.0022527,0.0029988,0.0066187
21501,Minneapolis,Minnesota,MN,171148,0.0043588,86122,0.0068275,0.0018467,85017,0.0007352,0.0019011,0.0022363,0.0034389,0.0078015
21502,Pine City,Minnesota,MN,2789,0.0014342,1391,0.0028756,0,1397,0,0,0.00125,0.0030211,
21600,Brainerd,Minnesota,MN,9263,0.0029148,4678,0.0057717,0,4585,0.0006109,0.0024655,0.0013489,0.0035955,0.0087032
21701,Rochester,Minnesota,MN,16020,0.0058052,8148,0.0100638,0.0013974,7872,0,0.0021561,0.0041551,0.003392,0.0133053
21702,Austin,Minnesota,MN,4765,0.0025184,2441,0.0040967,0.0008606,2324,0,0,0.0033761,0.0015987,0.0089767
21801,Mason City,Iowa,IA,5329,0.0020642,2706,0.0033259,0.0007625,2623,0,0.0025532,0,0.0022901,0.0079365
21802,Decorah,Iowa,IA,4914,0.001628,2467,0.0020268,0.001226,2447,0,0.0017346,0.0018738,0.0017346,0.002045
21900,Marshalltown,Iowa,IA,7245,0.0040028,3685,0.0065129,0.0014045,3560,0,0.0014981,0.0045135,0.0056101,0.0056711
22001,Waterloo,Iowa,IA,14426,0.0022875,7172,0.0037646,0.0008271,7254,0,0.0011291,0.0013854,0.0030628,0.0051343
22002,Iowa Falls,Iowa,IA,2126,0.0032926,1095,0.003653,0.0029098,1031,,0,0.002805,0.0064795,
22100,Iowa City,Iowa,IA,11295,0.0030987,5718,0.0054215,0.0007172,5577,0,0.0016367,0.0014164,0.0040906,0.0060459
22200,Cedar Rapids,Iowa,IA,15383,0.0026653,7757,0.0042542,0.001049,7626,0.0023184,0.0013587,0.0008463,0.0021768,0.0058792
22300,Ottumwa,Iowa,IA,9291,0.0025831,4738,0.0042212,0.0008785,4553,0.0007722,0.0004742,0.0019084,0.0049572,0.0057252
22400,Sheboygan,Wisconsin,WI,13158,0.003116,6515,0.0052187,0.0010537,6643,0,0.0016278,0.0024583,0.0023641,0.0081893
22500,Oshkosh,Wisconsin,WI,36399,0.0032968,18164,0.0055604,0.001042,18235,0.0011673,0.0003935,0.0029196,0.0030498,0.0069228
22601,Green Bay,Wisconsin,WI,19601,0.0030611,9779,0.0048062,0.0013236,9822,0.0011344,0.0010204,0.0020816,0.0030457,0.0064532
22602,Shawano,Wisconsin,WI,4121,0.0019413,2082,0.0038425,0,2039,0.0015291,0.0010571,0.0015962,0.0022472,0.005291
22700,Wausau,Wisconsin,WI,25438,0.0031449,12792,0.0052376,0.001028,12646,0.0012717,0.001082,0.0032019,0.0025658,0.0074127
22800,Eau Claire,Wisconsin,WI,19714,0.0037537,9918,0.0062513,0.0012252,9794,0.0022873,0.0025349,0.0027037,0.0038677,0.0083799
22900,La Crosse,Wisconsin,WI,14410,0.002984,7241,0.0049717,0.0009766,7168,0.0011325,0.0010597,0.0015334,0.0035107,0.0086482
23000,Monroe,Wisconsin,WI,8601,0.0029066,4252,0.0049389,0.0009198,4349,0.0009083,0.0020367,0.0028998,0.0036613,0.0053362
23100,Madison,Wisconsin,WI,32843,0.0049021,16551,0.0077941,0.0019643,16291,0.0014572,0.0022435,0.0029902,0.0039991,0.0097056
23200,Dubuque,Iowa,IA,11760,0.0031463,5788,0.0053559,0.0010047,5972,0.0016247,0.0008658,0.0020588,0.0053577,0.0054678
23301,Charleston,Illinois,IL,5931,0.0013488,2989,0.0023419,0.0003399,2942,0,0,0.0019133,0.0029176,0.0014472
23302,Douglas,Illinois,IL,7174,0.0030666,3602,0.0055525,0.0005599,3572,0.0009794,0.0032031,0.001462,0.0039909,0.0076336
23400,Bloomington,Illinois,IL,12181,0.0032017,6142,0.0055357,0.0008281,6038,0,0.0006094,0.0019685,0.0037791,0.0058875
23500,Decatur,Illinois,IL,22499,0.0028446,11409,0.0049084,0.0007214,11090,0,0.0007591,0.0011289,0.0026114,0.0095557
23600,Burlington,Iowa,IA,9226,0.0028181,4641,0.0051713,0.0004362,4585,0.0034996,0.0016384,0.0019091,0.0023753,0.0072267
23700,Galesburg,Illinois,IL,8388,0.0015498,4276,0.0023386,0.0007296,4112,0,0.00104,0.0017668,0.0015472,0.0042283
23801,Davenport,Illinois,IL,25652,0.0019881,13050,0.0033716,0.0005555,12601,0,0.000977,0.001916,0.0024648,0.0033935
23802,Clinton,Iowa,IA,4845,0.003096,2428,0.0053542,0.0008275,2417,0,0,0.0046154,0.0027739,0.0079491
23900,Peoria,Illinois,IL,34578,0.0037885,17424,0.0067149,0.0008162,17152,0.0006774,0.0018426,0.0017466,0.0045795,0.007952
24000,Kenosha,Wisconsin,WI,36839,0.0022802,18568,0.0037699,0.0007662,18271,0.0002482,0.0017928,0.0012527,0.0022575,0.0046483
24100,Milwaukee,Wisconsin,WI,102646,0.0036338,51491,0.0061758,0.0010753,51148,0.0003041,0.0012442,0.0028381,0.0033025,0.0074173
24200,Bourbonnais,Illinois,IL,9078,0.0015422,4625,0.0023784,0.0006737,4453,0,0,0.0004556,0.0021968,0.0056738
24300,Chicago,Illinois,IL,441020,0.0026938,220220,0.0043457,0.0010463,220776,0.0006022,0.0008595,0.0015767,0.0023341,0.0055838
24400,Rockford,Illinois,IL,39736,0.0025921,20070,0.0043847,0.0007628,19664,0.0002201,0.0006446,0.0007719,0.00259,0.0073177
24500,Rolla,Missouri,MO,6727,0.0022298,3408,0.0038146,0.0006028,3318,0.0006631,0.0016322,0.0010828,0.0048123,0.0080808
24600,Farmington,Missouri,MO,8811,0.0003405,4585,0.0004362,0.0002366,4226,0,0,0.0004161,0.0005938,0.0013774
24701,St. Louis,Missouri,MO,150209,0.002177,75306,0.0034659,0.0008812,74900,0.0004065,0.0006705,0.0014912,0.0025038,0.0043399
24702,Mexico,Missouri,MO,2390,0.0012552,1224,0.002451,0,1166,0,0,0.002994,0.002,
24801,Jacksonville,Illinois,IL,5461,0.0009156,2712,0.0018437,0,2749,0,0.0007974,0,0.0031201,0
24802,Springfield,Illinois,IL,17133,0.0021596,8552,0.0038587,0.0004662,8580,0,0.0003338,0.0016452,0.0037037,0.0036881
24900,Edwardsville,Illinois,IL,24806,0.0017738,12589,0.0029391,0.000573,12217,0.0002832,0.0014496,0.001147,0.0018005,0.0041209
25000,Quincy,Illinois,IL,9746,0.0011287,4824,0.0018657,0.0004063,4922,0,0,0.0010627,0.0023277,0.0027907
25101,Mountain Home,Arkansas,AR,3100,0.0012903,1561,0.0019218,0.0006502,1538,0.0010406,0,0.0028209,0.002907,
25102,West Plains,Missouri,MO,5423,0.0001844,2704,0.0003698,0,2719,0,0,0.0008993,0,
25103,Harrison,Arkansas,AR,4369,0.0009155,2204,0.0018149,0,2165,0.0007987,0,0.0021164,0.0020284,0
25104,Heber Springs,Arkansas,AR,2566,0.0003897,1274,0.0007849,0,1292,0,0,0,,
25105,Batesville,Arkansas,AR,3772,0.0015907,1946,0.0030832,0,1826,0.0009699,0.0009862,0.0011099,0.0017575,0.0077821
25200,Henderson,Kentucky,KY,9437,0.0013776,4757,0.0023124,0.0004274,4680,0,0,0.0017316,0.0014111,0.005291
25300,Union City,Tennessee,TN,6656,0.0009014,3354,0.0014908,0.0003028,3302,0,0.0013167,0,0.0015244,0.0027473
25401,Paducah,Kentucky,KY,7897,0.0006332,4007,0.0009983,0.0002571,3890,0,0,0,0.0010638,0.0023622
25402,Murray,Kentucky,KY,1598,0.0018773,840,0.0035714,0,758,0,0.0027473,0,0.0057471,
25500,Centralia,Illinois,IL,9468,0.0017955,4856,0.002883,0.0006505,4612,0.0006878,0.0010971,0.0019585,0.0020894,0.0032129
25601,Carbondale,Illinois,IL,14925,0.001273,7519,0.0021279,0.0004051,7406,0.0003234,0.0005915,0.000774,0.0026729,0.0031586
25602,Harrisburg,Illinois,IL,2255,0.0013304,1142,0.0017513,0.0008985,1113,0,0,0.0017331,0,
25701,Cape Girardeau,Missouri,MO,11534,0.0009537,5816,0.0012036,0.0006995,5718,0,0.0007452,0,0,0.0070922
25702,Poplar Bluff,Missouri,MO,4354,0.0004593,2180,0.0009174,0,2174,0,0,0.0023015,0,0
25800,Blytheville,Arkansas,AR,7015,0.0004277,3469,0.0005765,0.0002821,3545,0,0.0005216,0,0.0023753,0
25900,Jonesboro,Arkansas,AR,11284,0.0006203,5796,0.0008627,0.0003644,5488,0,0,0,0.0035714,0.0010235
26001,Roseau,Minnesota,MN,1624,0.0073892,799,0.0125156,0.0024242,825,,0.006424,0.0057361,0.0029155,
26002,Duluth,Minnesota,MN,18492,0.0022172,9325,0.0036461,0.0007636,9167,0.0012948,0.0012614,0.0014602,0.0027975,0.0042135
26003,West Cook UT,Minnesota,MN,291,0.0034364,,,,,,,,,
26004,International Falls,Minnesota,MN,1020,0.0029412,522,0.0057471,0,498,,,0,0.0036496,
26101,Moberly,Missouri,MO,3735,0.0005355,1870,0.0010695,0,1865,0,0.0009891,0.0009009,0,
26102,Marshall,Missouri,MO,3146,0.0003179,1597,0,0.0006456,1549,0,0,0,0.001692,
26103,Brookfield,Missouri,MO,1648,0.0012136,792,0.0025253,0,856,0,0,0,0.0039526,
26104,Trenton,Missouri,MO,832,0,425,0,0,407,,,,,
26105,Polk,Missouri,MO,685,0,354,0,0,331,,,,,
26106,Centerville,Iowa,IA,1884,0.0026539,932,0.0042918,0.0010504,952,0.0026385,0,0.0036232,0.002907,
26107,Kirksville,Missouri,MO,1999,0.002001,1032,0.003876,0,967,0.0023202,0.0017637,0.0020921,0.0030303,
26201,Bismarck,North Dakota,ND,8527,0.003401,4301,0.0055801,0.0011834,4225,0,0.0007855,0.0033981,0.0042508,0.0056782
26202,East Grant UT,North Dakota,ND,,,,,,,,,,,
26203,Linton,North Dakota,ND,646,0.001548,301,0.0033223,0,345,,,,,
26204,Steele,North Dakota,ND,,,,,,,,,,,
26301,Devils Lake,North Dakota,ND,1696,0.0005896,864,0.0011574,0,832,0,0,0.0022124,0,
26302,Carrington,North Dakota,ND,504,0.0039683,254,0.007874,0,250,,,,,
26303,Turtle Mountain UT,North Dakota,ND,1406,0,745,0,0,661,0,0,0,,
26304,Minot,North Dakota,ND,5222,0.0021065,2625,0.0034286,0.0007701,2597,0.0061728,0,0,0.0041459,0.0036166
26305,Rugby,North Dakota,ND,832,0.0036058,410,0.0073171,0,422,,,,,
26401,Ekalaka,South Dakota,SD,,,,,,,,,,,
26402,Baker,Montana,MT,280,0.0071429,,,,,,,,,
26403,Bowman,North Dakota,ND,313,0.0095847,,,,,,,,,
26404,Lemmon,North Dakota,ND,698,0,363,0,0,335,,0,,,
26405,Scobey,Montana,MT,,,,,,,,,,,
26406,Wolf Point,Montana,MT,956,0.001046,454,0,0.001992,502,0.0029326,0,,,
26407,Plentywood,Montana,MT,333,0.006006,,,,,,,,,
26408,Glasgow,Montana,MT,1005,0,495,0,0,510,,0,0,,
26409,Glendive,Montana,MT,923,0,462,0,0,461,,,0,,
26410,Dickinson,North Dakota,ND,2171,0.0027637,1118,0.0053667,0,1053,0.0031447,0.0019417,0.0031847,0.0039063,
26411,Sidney,North Dakota,ND,1791,0,886,0,0,905,0,0,0,0,
26412,Williston,North Dakota,ND,2070,0.0014493,1032,0.002907,0,1038,0,0,0,0.0019417,
26501,Brookings,South Dakota,SD,2576,0.0065994,1294,0.0108192,0.0023401,1282,0,0.0038986,0.0061728,0.0059791,0.0182371
26502,Madison,South Dakota,SD,1084,0.0064576,555,0.0108108,0.0018904,529,,,0.0058997,,
26503,Sioux Falls,South Dakota,SD,12904,0.0027898,6470,0.0046368,0.0009325,6434,0,0.0017153,0.0027881,0.0019971,0.0059128
26504,Watertown,South Dakota,SD,3126,0.0022393,1543,0.0045366,0,1583,0,0.0012484,0.0028874,0.0032949,0.0029326
26601,Milbank,Minnesota,MN,1494,0.0026774,738,0.0054201,0,756,,0.0025063,0.0020202,0.0033898,
26602,Sisseton,South Dakota,SD,1536,0.0013021,796,0.0025126,0,740,0,0,0.0046296,,
26603,East Corson UT,South Dakota,SD,601,0,287,0,0,314,,,,,
26604,Mobridge,South Dakota,SD,570,0,292,0,0,278,,,,,
26605,Aberdeen,South Dakota,SD,3571,0.0028003,1824,0.004386,0.0011448,1747,0,0.001218,0.0038948,0.004896,0.0020619
26701,Bemidji,Minnesota,MN,7060,0.0021246,3570,0.0039216,0.0002865,3490,0,0.0010917,0.001634,0.0037566,0.0071327
26702,Grafton,North Dakota,ND,2405,0.0016632,1187,0.0033698,0,1218,0,0,0.0013495,0.0037244,0.0036364
26703,Thief River Falls,Minnesota,MN,2157,0.0009272,1105,0.00181,0,1052,0,0,0.0014556,0,
26704,Grand Forks,North Dakota,ND,7596,0.0017114,3817,0.0031438,0.0002647,3778,0,0,0.0009174,0.0039604,0.0025105
26801,Fargo,North Dakota,ND,12744,0.0040019,6353,0.0067685,0.0012522,6389,0.0035398,0.0009662,0.0024162,0.0042481,0.0081421
26802,Lisbon,North Dakota,ND,1103,0.0063463,569,0.0105448,0.0018727,534,,,0.007772,0.0107527,
26803,Jamestown,North Dakota,ND,2636,0.0015175,1323,0.0030234,0,1313,0,0,0.00375,0,0.0034602
26804,Cooperstown,North Dakota,ND,,,,,,,,,,,
26901,Fergus Falls,Minnesota,MN,8296,0.0021697,4095,0.003663,0.0007143,4200,0.000997,0.0021186,0.0016488,0.0025138,0.0040404
26902,Little Falls,Minnesota,MN,5607,0.0024969,2817,0.0042599,0.0007168,2790,0.0011274,0.0006456,0.0053129,0.0019305,0.0022676
27001,O'Neill,Nebraska,NE,1303,0.0015349,643,0.0031104,0,660,0,0.0021598,0.0028653,,
27002,Ord,Nebraska,NE,786,0.0025445,373,0.0053619,0,413,,0,,,
27003,Ainsworth,Nebraska,NE,412,0,,,,,,,,,
27004,Winner,South Dakota,SD,898,0.0011136,474,0.0021097,0,424,,0.0031348,,,
27005,Yankton,South Dakota,SD,3487,0.0034414,1784,0.0067265,0,1703,0.0021413,0.0041667,0.0028544,0.0014556,0.0093168
27006,Mitchell,South Dakota,SD,2039,0.0014713,999,0.002002,0.0009615,1040,0,0,0.0015723,0.0026738,
27007,Huron,South Dakota,SD,1395,0.0028674,717,0.0041841,0.0014749,678,,0,0.0022727,0.0034247,
27008,Parkston,South Dakota,SD,1573,0.0019072,821,0.0024361,0.0013298,752,0.0032895,0.0045662,0,0,
27009,Chamberlain,South Dakota,SD,825,0.0024242,405,0.0049383,0,420,,0,,,
27010,Miller,South Dakota,SD,331,0.0090634,,,,,,,,,
27011,Pierre,South Dakota,SD,1579,0.0037999,791,0.0063211,0.001269,788,,0,0.002457,0.0025445,0.015873
27012,Gettysburg,South Dakota,SD,,,,,,,,,,,
27101,Willmar,Minnesota,MN,6356,0.002832,3202,0.0053092,0.0003171,3154,0.0015504,0.0022438,0.0030769,0.0031566,0.0035714
27102,Marshall,Minnesota,MN,3959,0.0020207,1963,0.003566,0.0005013,1995,0,0,0.0040584,0.0030992,0
27201,Sioux Center,Iowa,IA,4692,0.0038363,2381,0.0071399,0.0004327,2311,0.005814,0.0047125,0.0028653,0.0038647,0.0039448
27202,Worthington,Minnesota,MN,4094,0.0034196,2023,0.0049432,0.0019314,2071,0,0.0029326,0.0042796,0.0011442,0.0119048
27301,Spencer,Iowa,IA,4353,0.0029864,2133,0.0060947,0,2220,0.0039293,0.000969,0.0021521,0.0043764,0.0059524
27302,Fairmont,Minnesota,MN,3774,0.0015898,1943,0.0025733,0.0005461,1831,0,0,0.0032626,0.0023392,0
27401,Storm Lake,Iowa,IA,3731,0.0024122,1916,0.0046973,0,1815,0.0048662,0.0032154,0,0.0039113,0.0025126
27402,Fort Dodge,Iowa,IA,6932,0.0025967,3446,0.0043529,0.0008606,3486,0,0.0013351,0.0014444,0.0034404,0.0091146
27501,Des Moines,Iowa,IA,34649,0.0025109,17428,0.0041313,0.000871,17221,0,0.0014682,0.0016197,0.0021286,0.0051614
27502,Creston,Iowa,IA,2298,0.0013055,1136,0.0017606,0.0008606,1162,0.0025974,0.0015015,0.0014903,0,
27503,Atlantic,Iowa,IA,2453,0.0020383,1222,0.0040917,0,1231,0,0.0016447,0.0025907,0.0021008,
27504,Carroll,Iowa,IA,3673,0.0035393,1858,0.0053821,0.0016529,1815,0.0066372,0.0023585,0.004223,0.0035842,0
27601,Rapid City,South Dakota,SD,11340,0.0013228,5653,0.0026535,0,5687,0.000565,0.0023157,0.0009425,0.0008173,0.0022239
27602,Eagle Butte,South Dakota,SD,615,0.001626,313,0.0031949,0,302,,,,,
27603,Southwest Jackson UT,South Dakota,SD,460,0,,,,,,,,,
27604,Murdo,South Dakota,SD,,,,,,,,,,,
27605,Mission,South Dakota,SD,744,0,368,0,0,376,0,,,,
27701,Scottsbluff,Nebraska,NE,4800,0.001875,2385,0.0033543,0.0004141,2415,0,0.0019305,0.0015924,0.0027675,0.0036563
27702,Cheyenne,Wyoming,WY,6466,0.0024745,3309,0.0045331,0.0003168,3157,0.0011641,0.0015492,0.0017452,0.0025063,0.005994
27703,Torrington,Wyoming,WY,1535,0.0019544,784,0.0038265,0,751,0.0036232,0,0,0.0061162,
27704,Gordon,South Dakota,SD,1799,0,885,0,0,914,0,0,0,,
27801,Virginia Beach,Nebraska,NE,4403,0.0020441,2253,0.0035508,0.0004651,2150,0.002008,0.0020986,0.0015175,0.0017621,0.004008
27802,Columbus,Nebraska,NE,4982,0.0024087,2543,0.0047188,0,2439,0,0.0032258,0.0030807,0.0008591,0.0042105
27901,Hastings,Nebraska,NE,2795,0.0025045,1398,0.0035765,0.0014316,1397,0,0.0016584,0.0023669,0.0030488,0.0059172
27902,York,Nebraska,NE,1979,0.0015159,977,0.0030706,0,1002,,0,0,0.0042283,
27903,Grand Island,Nebraska,NE,5408,0.002034,2762,0.0025344,0.0015123,2645,0,0.0040193,0.0012407,0.0016273,0.0031949
28001,Sioux City,Iowa,IA,13248,0.002038,6724,0.0040155,0,6524,0.0006274,0.0014561,0.0025605,0.0018143,0.0033573
28002,West Point,Nebraska,NE,1907,0.0026219,943,0.0042418,0.0010373,964,0,0,0.0017361,0.0113314,
28101,Lincoln,Nebraska,NE,18219,0.0018113,9094,0.0027491,0.0008767,9125,0.0017084,0.0009967,0.0006624,0.0021645,0.0033837
28102,Nebraska City,Nebraska,NE,2702,0.0003701,1343,0.0007446,0,1359,0,0,0,0.001634,0
28201,Red Oak,Iowa,IA,3183,0.0021992,1591,0.0043997,0,1592,0.0021008,0.0013369,0.0019724,0.002809,
28202,Omaha,Nebraska,NE,52818,0.0018365,26609,0.0028938,0.0007631,26208,0,0.0005564,0.0015704,0.0018409,0.0038183
28301,Sterling,Colorado,CO,2741,0.0025538,1381,0.0043447,0.0007353,1360,0.0038685,0.00271,0,0.0023364,0.0075472
28302,Ogallala,Nebraska,NE,1269,0.001576,628,0.0031847,0,641,,0,0.002584,,
28303,Oshkosh,Nebraska,NE,,,,,,,,,,,
28304,Valentine,Nebraska,NE,617,0.0016207,329,0.0030395,0,288,,,,,
28305,Broken Bow,Nebraska,NE,978,0.002045,498,0.0040161,0,480,,0,,,
28306,North Platte,Nebraska,NE,2660,0.0011278,1342,0.0014903,0.0007587,1318,0,0,0.0015083,0,0.0039526
28401,Colorado Springs,Colorado,CO,35523,0.0024773,17970,0.0040067,0.0009116,17551,0.0004673,0.0010328,0.0016906,0.0030255,0.0050499
28402,Limon,Colorado,CO,374,0,,,,,,,,,
28501,Springfield,Colorado,CO,318,0,,,,,,,,,
28502,Pueblo,Colorado,CO,11211,0.0012488,5627,0.0017771,0.0007163,5584,0.0007893,0.0013831,0,0.0020736,0.0036664
28503,Trinidad,Colorado,CO,1250,0.0008,623,0,0.0015949,627,0,0,,,
28504,Burlington,Colorado,CO,855,0.0011696,442,0.0022624,0,413,,0.0038314,,,
28601,Oberlin,Kansas,KS,461,0.0043384,,,,,,,,,
28602,Norton,Kansas,KS,386,0,,,,,,,,,
28603,Phillipsburg,Kansas,KS,765,0.0013072,404,0.0024752,0,361,,,0,,
28604,Colby,Kansas,KS,1288,0.0031056,667,0.0044978,0.0016103,621,,0,0.0024213,0,
28605,Goodland,Kansas,KS,615,0.004878,307,0.009772,0,308,,,,,
28606,Wano,Kansas,KS,339,0,,,,,,,,,
28607,McCook,Nebraska,NE,1524,0.0006562,799,0,0.0013793,725,,0,0,0,
28608,Kearney,Nebraska,NE,3715,0.0005384,1831,0.0010923,0,1883,0,0,0,0.0011136,0.0018657
28609,Lexington,Nebraska,NE,3466,0.0008656,1770,0.0011299,0.00059,1695,0,0.0010173,0.0018365,0,0
28701,Salida,Colorado,CO,884,0.0033937,454,0.0066079,0,430,,,0.0035336,,
28702,Glenwood Springs,Colorado,CO,6060,0.0033003,2993,0.0046776,0.0019563,3067,0,0.0009524,0.0068285,0.0013486,0.0049782
28703,Granby,Colorado,CO,674,0.0014837,347,0.0028818,0,327,,,,,
28704,Laramie,Wyoming,WY,1704,0.004108,847,0.0070838,0.0011669,857,,0,0.002445,0.0070588,0.0106762
28800,Fort Collins,Colorado,CO,26208,0.0030907,13364,0.0054624,0.0006229,12844,0.0006202,0.0018349,0.0022562,0.0020265,0.0074564
28900,Denver,Colorado,CO,131074,0.0031204,66337,0.0051253,0.0010661,64724,0.0009059,0.0010194,0.0018,0.0024628,0.0061063
29001,Pratt,Kansas,KS,1393,0.0007179,658,0,0.0013605,735,,0,0,0,
29002,Coldwater,Kansas,KS,,,,,,,,,,,
29003,Dodge City,Kansas,KS,2801,0.0014281,1423,0.002811,0,1378,0.0024631,0,0.0012438,0.0017452,0.0029586
29004,Great Bend,Kansas,KS,3347,0.0017927,1719,0.0029087,0.0006143,1628,0.0021097,0.0011123,0.001006,0.0043796,0
29005,Hutchinson,Kansas,KS,5414,0.0003694,2751,0.0003635,0.0003755,2663,0,0,0.000651,0,0.0014472
29006,Hays,Kansas,KS,2537,0.0019708,1300,0.0023077,0.0016168,1237,0,0,0.0025641,0.0032206,0.0031348
29007,Township 11,Kansas,KS,653,0.0030628,347,0.0028818,0.003268,306,,,,,
29008,Center,Kansas,KS,457,0,,,,,,,,,
29101,Concordia,Kansas,KS,1361,0.0044085,704,0.0085227,0,657,,0.0104712,0.0022831,,
29102,Superior,Nebraska,NE,914,0.0054705,456,0.0109649,0,458,,0,0.0035336,,
29103,Beloit,Kansas,KS,859,0.0023283,456,0.004386,0,403,,,0.0037594,,
29104,Salina,Kansas,KS,4168,0.0021593,2135,0.0032787,0.0009838,2033,0,0.002381,0.0016878,0.001004,0.0069324
29201,Hiawatha,Kansas,KS,1698,0.0017668,847,0.0035419,0,851,,0.0040404,0,0,
29202,Marysville,Kansas,KS,1343,0.0022338,677,0.0029542,0.0015015,666,,0.0030581,0.0022124,,
29203,Manhattan,Kansas,KS,8554,0.0018705,4373,0.0029728,0.0007175,4181,0.0009158,0.001006,0.0016313,0.0020222,0.0047893
29204,Topeka,Kansas,KS,19486,0.0016935,9831,0.0031533,0.0002071,9655,0.0004239,0.0005615,0.0010506,0.0015686,0.0045872
29301,Wichita,Kansas,KS,35397,0.0015538,17784,0.0026428,0.0004542,17613,0,0.0005354,0.0009197,0.0018845,0.0031542
29302,Newton,Kansas,KS,5564,0.0043134,2810,0.0081851,0.0003631,2754,0.0095057,0.0029383,0.0024287,0.0055317,0.0040377
29303,Winfield,Kansas,KS,3519,0.0019892,1777,0.002251,0.0017222,1742,0,0,0.0010504,0.004878,0.0061162
29401,Ottawa,Kansas,KS,3593,0.0011133,1811,0.0022087,0,1782,0,0,0.0028791,0.0012392,0
29402,Emporia,Kansas,KS,3212,0.0012453,1602,0.0012484,0.0012422,1610,0,0.0014327,0.0022883,0,0.002551
29403,Bartlesville,Kansas,KS,9989,0.0017019,5061,0.003359,0,4927,0,0.00125,0.0007725,0.0026357,0.0053805
29501,Leavenworth,Kansas,KS,5467,0.0009146,2782,0.0010784,0.0007452,2684,0,0.001065,0,0.0019096,0.0010101
29502,Kansas City,Missouri,MO,108902,0.00191,54847,0.0032636,0.0005365,54054,0.0003591,0.0007842,0.0013856,0.0019508,0.0038137
29503,St. Joseph,Missouri,MO,10000,0.0011,5061,0.0021735,0,4939,0.0006165,0.0004444,0.000365,0.0022104,0.0026643
29504,Sedalia,Missouri,MO,5118,0.0009769,2563,0.0019508,0,2555,0,0,0.000731,0.002331,0.005291
29505,Polk,Missouri,MO,2058,0.0004859,1028,0.0009728,0,1030,0,0,0.0016393,0,
29506,Bethany,Missouri,MO,1136,0.0017606,622,0.0032154,0,514,,0.0027248,0,,
29601,Columbia,Missouri,MO,17497,0.0019432,8899,0.0034835,0.0003489,8598,0,0.0011672,0.0016417,0.0016226,0.0051118
29602,Eldon,Missouri,MO,4252,0.0002352,2106,0.0004748,0,2146,0,0,0.0009597,0,0
29700,Springfield,Missouri,MO,25490,0.0010985,12974,0.0021582,0,12515,0.0005681,0.0001507,0.0007963,0.0024932,0.0027768
29800,Aurora,Missouri,MO,7433,0.0009417,3776,0.0018538,0,3657,0.0004919,0.0004548,0.0010782,0.0021254,0.0024691
29901,Joplin,Missouri,MO,16483,0.0015774,8299,0.0026509,0.0004888,8184,0.0005573,0.0015569,0.0009307,0.0026168,0.0042105
29902,Center,Missouri,MO,3423,0.0008764,1694,0.001771,0,1729,0,0.002079,0.0010504,0,
30000,Russellville,Arkansas,AR,8555,0.0014027,4344,0.002302,0.0004749,4211,0,0.0008621,0.00199,0.0050209,0
30100,Fort Smith,Arkansas,AR,20316,0.0011321,10437,0.0020121,0.0002024,9879,0.0003635,0.0003676,0.0014871,0.0016415,0.004321
30200,Muskogee,Oklahoma,OK,9734,0.0008219,4898,0.0014292,0.0002068,4835,0.0006658,0.0003769,0.0004838,0,0.0066335
30300,Fayetteville,Arkansas,AR,20574,0.0007777,10397,0.0012504,0.0002948,10176,0.0002283,0.0005702,0.0004134,0.0014758,0.0018477
30401,Stillwater,Oklahoma,OK,4402,0.0020445,2223,0.0040486,0,2179,0,0.0009872,0.0009328,0.0011198,0.0093897
30402,Tulsa,Oklahoma,OK,57937,0.0019331,29121,0.0030562,0.0007983,28813,0.0004548,0.0009606,0.0015345,0.0018959,0.0051606
30403,Okmulgee,Oklahoma,OK,3118,0,1596,0,0,1522,0,0,0,0,
30501,Woodward,Oklahoma,OK,1988,0.001006,1013,0.0019743,0,975,0.0027855,0,0,0,
30502,Enid,Oklahoma,OK,7012,0.0015687,3552,0.0028153,0.0002893,3457,0.0013812,0.0005056,0.0022039,0,0.0069444
30601,El Paso,Texas,TX,55400,0.0009206,27961,0.0014663,0.0003645,27435,0.0002524,0.0006015,0.0012692,0.0014078,0.003348
30602,Alamogordo,New Mexico,NM,4759,0.0008405,2319,0.0017249,0,2440,0,0,0.0017715,0.0012953,0.0031153
30603,Truth or Consequences,New Mexico,NM,526,0.0019011,278,0,,,,,,,
30604,Deming,New Mexico,NM,3934,0.0025419,1996,0.004509,0.000516,1938,0.0016681,0,0.0028653,0.0054348,
30605,Van Horn,Texas,TX,270,0.0037037,,,,,,,,,
30701,Roswell,New Mexico,NM,8321,0.001322,4262,0.0014078,0.0012318,4059,0,0.0013538,0.0010521,0.0038491,0.0012937
30702,Santa Rosa,New Mexico,NM,477,0,,,,,,,,,
30801,Hobbs,New Mexico,NM,7160,0.0005587,3619,0.000829,0.0002824,3541,0,0.0005255,0,0,0.0045455
30802,Lubbock,Texas,TX,18835,0.0012742,9596,0.0021884,0.0003247,9239,0.0001943,0.0006439,0.0019886,0.0010067,0.0039541
30901,Clovis,New Mexico,NM,5329,0.0007506,2704,0.0014793,0,2625,0,0.0006131,0.0015898,0,0.0028169
30902,Littlefield,Texas,TX,2421,0.0012392,1212,0.0024752,0,1209,0.0013699,0.0026525,0,0,
30903,Amarillo,Texas,TX,15897,0.0011323,8021,0.0018701,0.000381,7874,0.0002864,0.0005274,0.001502,0.0013219,0.0026572
30904,Pampa,Texas,TX,4397,0.0011371,2204,0.0022686,0,2193,0,0,0.0009718,0,0.0057143
30905,Wellington,Texas,TX,599,0.0016694,311,0.0032154,0,287,,,,,
30906,Memphis,Texas,TX,552,0,283,0,0,269,,,,,
30907,Matador,Texas,TX,,,,,,,,,,,
30908,Plainview,Texas,TX,4077,0.0012264,2024,0.0019763,0.0004871,2053,0.0008137,0,0.0013947,0.0047506,0.0030488
31001,Garden City,Kansas,KS,3483,0.0002871,1724,0.00058,0,1759,0,0,0.0010846,0,0
31002,Ulysses,Kansas,KS,1271,0,626,0,0,645,,0,0,0,
31003,Scott City,Kansas,KS,784,0.0012755,398,0,0.0025907,386,,,,,
31004,Liberal,Kansas,KS,2181,0.0013755,1090,0.0009174,0.0018332,1091,0,0,0.001675,0.0021834,0.003861
31005,Perryton,Texas,TX,1426,0.0014025,741,0.0026991,0,685,,0,0,0.0032362,
31006,Guymon,Oklahoma,OK,1898,0.0010537,917,0.002181,0,980,0,0.0020964,0.0020964,0,
31007,Dumas,Texas,TX,2207,0.0009062,1079,0.0009268,0.0008865,1128,0,0.0031008,0,0,
31101,Victoria,Texas,TX,11605,0.001034,5841,0.0018832,0.0001735,5764,0.0003695,0.0011755,0.0008478,0.0004329,0.0029797
31102,La Grange,Texas,TX,2694,0.0029696,1318,0.0053111,0.0007267,1376,0,0,0.0045317,0.0057034,0.0064309
31103,Gonzales,Texas,TX,1252,0,670,0,0,582,0,0,,,
31201,Austin,Texas,TX,65737,0.0028142,33134,0.0045573,0.0010432,32592,0.0010271,0.0012124,0.0012449,0.00234,0.0067743
31202,Burnet,Texas,TX,2380,0.0004202,1194,0.0008375,0,1186,0.0015504,0,0,0,
31301,San Antonio,Texas,TX,106628,0.0012755,53867,0.0019492,0.0005881,52713,0.0003538,0.000419,0.0012492,0.0016564,0.0040795
31302,Beeville,Texas,TX,2855,0.0003503,1493,0.0006698,0,1362,0,0,0,0.002439,
31303,Kerrville,Texas,TX,3587,0.0025091,1816,0.0049559,0,1771,0,0.0033149,0.0012315,0.0055249,0.0050378
31304,Mason,Texas,TX,,,,,,,,,,,
31401,Midland,Texas,TX,20778,0.0016363,10473,0.0026735,0.0005826,10299,0,0.0008309,0.001206,0.0032485,0.0038382
31402,Pecos,Texas,TX,2668,0.0003748,1355,0.000738,0,1312,0,0,0.0017762,0,
31403,Fort Stockton,Texas,TX,1487,0,747,0,0,740,0,0,0,,
31404,Alpine,Texas,TX,1112,0,546,0,0,566,0,0,,,
31501,Crystal City,Texas,TX,1646,0,821,0,0,825,0,0,,,
31502,Pearsall,Texas,TX,1415,0,705,0,0,710,0,0,,,
31503,Laredo,Texas,TX,13145,0.0006086,6580,0.0009119,0.0003046,6565,0.0001743,0.0005637,0.0005928,0.0008865,0.0028736
31600,Brownsville,Texas,TX,58716,0.0006131,29557,0.0009135,0.0003087,29157,0.0001341,0.000412,0.0012537,0.0006874,0.0041958
31700,Corpus Christi,Texas,TX,36623,0.0010376,18742,0.001654,0.0003915,17878,0.0000886,0.0011427,0.0005945,0.0008746,0.0043447
31800,College Station,Texas,TX,10575,0.0008511,5245,0.0011439,0.0005629,5330,0,0.0004037,0.000978,0.000528,0.0030883
31900,Pearland,Texas,TX,22528,0.001598,11372,0.0028139,0.0003586,11154,0.0002517,0.001649,0.0009204,0.001944,0.0029046
32000,Houston,Texas,TX,267287,0.0017958,134096,0.0029606,0.0006233,133166,0.000484,0.0006931,0.0008623,0.0022,0.0042657
32100,Beaumont,Texas,TX,32846,0.0009742,16694,0.0014975,0.0004335,16148,0.0003603,0.0001453,0.0004804,0.0018312,0.0026865
32201,Huntsville,Texas,TX,10638,0.00094,5378,0.0016735,0.0001902,5257,0.0003252,0.000708,0,0.002442,0.003096
32202,Nacogdoches,Texas,TX,5952,0.000672,3015,0.0013267,0,2935,0,0.0006427,0.000846,0.0025608,0
32301,San Angelo,Texas,TX,7842,0.0008926,4003,0.0017487,0,3839,0.0005179,0.0015283,0.0005952,0.0014399,0
32302,Brady,Texas,TX,1649,0.0012129,827,0.0024184,0,822,0.0019011,0,0.002551,,
32303,Junction,Texas,TX,433,0.0046189,,,,,,,,,
32304,Uvalde,Texas,TX,2526,0.0007918,1277,0.0015662,0,1249,0,0,0,0.0031546,
32305,Del Rio,Texas,TX,3198,0.0003127,1658,0.0006031,0,1539,0.0007639,0,0,0,
32306,Eagle Pass,Texas,TX,3362,0.0005949,1687,0.0011855,0,1675,0.0005634,0,0,,
32401,Big Spring,Texas,TX,3841,0.0015621,1920,0.0026042,0.0005206,1921,0,0.0010493,0.0012107,0.0031496,0.0059347
32402,Sweetwater,Texas,TX,1473,0.0006789,769,0.0013004,0,704,0,0,0,,
32403,Snyder,Texas,TX,1886,0.0010604,950,0.0021053,0,936,0,0.0040984,0,0,
32501,Abilene,Texas,TX,12823,0.0007798,6462,0.0015475,0,6357,0.0003165,0.0006022,0.0003328,0.0014225,0.002443
32502,Childress,Texas,TX,539,0,274,0,0,265,,,,,
32503,Haskell,Texas,TX,1011,0.0009891,485,0.0020619,0,526,0,0.0032051,,,
32601,Wichita Falls,Texas,TX,9018,0.0013307,4520,0.0019912,0.000667,4498,0.0006361,0.0024789,0.0004195,0.0010204,0.002765
32602,Graham,Texas,TX,1891,0.0015865,967,0.0031024,0,924,0.0021097,0,0,0.0035714,
32603,Seymour,Texas,TX,250,0,,,,,,,,,
32604,Vernon,Texas,TX,1471,0.0013596,751,0.0026631,0,720,0,0,0,,
32701,Brownwood,Texas,TX,3596,0.0002781,1814,0.0005513,0,1782,0,0,0,0.0017331,
32702,Stephenville,Texas,TX,2941,0.00068,1494,0.0013387,0,1446,0,0,0.0015361,0,0.0035714
32801,Waco,Texas,TX,17443,0.0005733,8860,0.0010158,0.0001165,8583,0.0002184,0.0007128,0.0005442,0.0009862,0.000516
32802,Corsicana,Texas,TX,5946,0.0003364,2993,0.0006682,0,2953,0,0,0.0008389,0,0.0018051
32900,Killeen,Texas,TX,20209,0.0011381,10155,0.0019695,0.0002984,10053,0.0002695,0.0005358,0.0005417,0.0014603,0.005676
33000,Fort Worth,Texas,TX,105066,0.0015514,53114,0.0025794,0.0005005,51947,0.000335,0.0006493,0.0005867,0.0016374,0.0039797
33100,Dallas,Texas,TX,186841,0.0018197,93389,0.0029875,0.0006529,93427,0.0004347,0.0009082,0.0010976,0.0018742,0.003909
33200,Paris,Texas,TX,11199,0.0008036,5628,0.0014215,0.0001795,5571,0,0,0.0008163,0.0010142,0.005
33300,Tyler,Texas,TX,25189,0.0010719,12747,0.0018043,0.0003215,12441,0.0001526,0.0004949,0.0014881,0.0014168,0.0030395
33400,Longview,Texas,TX,19673,0.0013216,9900,0.0022222,0.0004093,9772,0.0001949,0.0011218,0.0004813,0.001938,0.0047434
33500,Texarkana,Texas,TX,15302,0.0005882,7746,0.0010328,0.0001324,7553,0,0.0002811,0.0009839,0.000713,0.0019973
33601,Lawton,Oklahoma,OK,11109,0.0012602,5603,0.0019632,0.000545,5505,0,0.0003399,0.0014399,0.002091,0.0052743
33602,Altus,Oklahoma,OK,3260,0.0006135,1669,0.0011983,0,1591,0,0.0011161,0.0012315,0,
33603,Frederick,Oklahoma,OK,652,0,341,0,0,310,,,,,
33700,Ardmore,Oklahoma,OK,7378,0.0009488,3704,0.0018898,0,3672,0,0,0.0005845,0.0008244,0.010989
33801,Elk City,Oklahoma,OK,4156,0.0016843,2064,0.0033915,0,2092,0,0,0.0019822,0.0057971,0.0034014
33802,Chickasha,Oklahoma,OK,5046,0.0013872,2554,0.0023493,0.0004016,2490,0.0007479,0.0007241,0.0018282,0.0011481,0.0055096
33803,Oklahoma City,Oklahoma,OK,72468,0.0014627,36475,0.0026319,0.0002782,35951,0.0004054,0.0006915,0.0013449,0.0021158,0.0032191
33901,Ada,Oklahoma,OK,4034,0.0014874,2096,0.0023855,0.000516,1938,0.000774,0.0008826,0.0011455,0,
33902,Sherman,Texas,TX,10797,0.0006483,5430,0.0012891,0,5367,0.0004093,0.0008163,0.0003973,0.0009315,0.0008065
34001,Hot Springs,Arkansas,AR,11784,0.0006789,6043,0.0013238,0,5741,0,0,0.0008026,0.0012019,0.0040568
34002,Idabel,Oklahoma,OK,6231,0.0004815,3188,0.000941,0,3043,0.0004322,0.0005556,0.0008278,0,0
34101,Sand Point,Alaska,AK,,,,,,,,,,,
34102,Anchorage,Alaska,AK,25004,0.0019597,12723,0.0030653,0.0008143,12281,0.0018059,0.0011044,0.0006165,0.0016093,0.0034623
34103,Valdez,Alaska,AK,756,0.0013228,375,0.0026667,0,381,,,,,0
34104,Bristol Bay,Alaska,AK,,,,,,,,,,,
34105,Kotzebue,Alaska,AK,453,0,,,,,,,,,
34106,Nome,Alaska,AK,599,0,288,0,0,311,,,,,
34107,Dillingham,Alaska,AK,426,0.0023474,,,,,,,,,
34108,Kodiak,Alaska,AK,1011,0.0019782,517,0.0038685,0,494,,,,0.003861,
34109,Juneau,Alaska,AK,2611,0.00383,1344,0.0066964,0.0007893,1267,,0.0028653,0,0.0027933,0.0078038
34110,Sitka,Alaska,AK,1080,0.0027778,588,0.005102,0,492,,,0,0,
34111,Ketchikan,Alaska,AK,1533,0.0013046,754,0.0026525,0,779,,,0.0030211,0,0.0027701
34112,Bethel,Alaska,AK,1481,0.0013504,731,0.002736,0,749,0,0,0,,
34113,Barrow,Alaska,AK,537,0,269,0,0,268,,,,,
34114,Unalaska,Alaska,AK,,,,,,,,,,,
34115,Fairbanks,Alaska,AK,6910,0.0021708,3547,0.0036651,0.0005947,3363,0.0015456,0,0.0006498,0.0026371,0.0045403
34201,Havre,Montana,MT,2043,0.0034263,1083,0.0055402,0.0010417,960,0,0,0.0019194,0.0080214,
34202,Shelby,Montana,MT,2035,0.0014742,1003,0.001994,0.000969,1032,0,0,0.0022026,0,
34203,Great Falls,Montana,MT,6394,0.0026587,3260,0.0042945,0.0009572,3134,0,0.0005875,0.0047506,0.0031546,0.0055944
34204,Lewistown,Montana,MT,981,0.0010194,485,0.0020619,0,496,,0,0,,
34301,Cody,Wyoming,WY,2822,0.0021262,1398,0.0035765,0.0007022,1424,0.0045351,0.0031008,0,0.0016287,0.0031447
34302,Worland,Wyoming,WY,1051,0.0019029,543,0.0018416,0.0019685,508,,,0,0,
34303,Riverton,Wyoming,WY,2838,0.0010571,1413,0.0021231,0,1424,0,0,0,0.0037383,
34304,Sheridan,Wyoming,WY,3328,0.0018029,1687,0.0029638,0.0006098,1640,0.0014045,0,0.0037879,0.0031646,0
34305,Miles City,Montana,MT,978,0.0030675,490,0.0061224,0,488,,,0.008,,
34306,Jordan,Montana,MT,,,,,,,,,,,
34307,Colstrip,Montana,MT,1080,0,540,0,0,540,,0,,0,
34308,Billings,Montana,MT,9944,0.0020113,4965,0.0036254,0.0004018,4978,0.0013342,0.001432,0.0007773,0.0031532,0.0038536
34309,Harlowton,Montana,MT,,,,,,,,,,,
34401,Dillon,Montana,MT,647,0.007728,326,0.0122699,0.0031153,321,,,,,
34402,Bozeman,Montana,MT,5342,0.0035567,2680,0.0067164,0.0003758,2661,0,0.0023566,0.0034819,0.0036101,0.0093209
34403,Helena,Montana,MT,4948,0.0030315,2510,0.0047809,0.001231,2437,0,0,0.0022523,0.0075251,0.0041609
34404,Butte-Silver Bow,Montana,MT,3315,0.0015083,1691,0.0029568,0,1624,0,0.0015385,0.0023068,0.0014205,0.0022936
34501,Bonners Ferry,Idaho,ID,711,0.0042194,380,0.0052632,0.0030211,331,,,,,
34502,Libby,Montana,MT,1420,0.0014085,692,0.0028902,0,728,0,0,0,,
34503,Kalispell,Montana,MT,7946,0.0020136,4116,0.0031584,0.0007833,3830,0.0005574,0.0010183,0.0010178,0.0056657,0.0036991
34504,Missoula,Montana,MT,8186,0.002321,4170,0.0038369,0.0007472,4015,0.0025806,0.0010621,0.0030457,0.0011912,0.004529
34601,Gillette,Wyoming,WY,4196,0.0016683,2103,0.0023776,0.0009556,2093,0.0023641,0,0.0010406,0.0007184,0.0048426
34602,Rawlins,Wyoming,WY,1225,0.0016327,604,0.0033113,0,621,,,0.0029586,0,
34603,Casper,Wyoming,WY,5841,0.0025681,2963,0.0047249,0.0003475,2878,0.0022497,0.001675,0.0020776,0.0043415,0.0021459
34604,Lusk,Wyoming,WY,,,,,,,,,,,
34701,Honolulu,Hawaii,HI,43593,0.0016975,21898,0.0024203,0.0009683,21688,0.0001843,0.0004904,0.0007374,0.0012799,0.0047293
34702,Kapaa,Hawaii,HI,3535,0.0008487,1808,0.0011062,0.000579,1727,0,0.0011834,0.0011025,0,0.0020964
34703,Kahului,Hawaii,HI,6891,0.0007256,3453,0.0011584,0.0002909,3438,0,0,0.0012853,0.0011869,0.0009775
34801,Las Vegas,New Mexico,NM,3117,0.0012833,1613,0.0024799,0,1504,0.0009372,0.0009804,0,0.0061538,
34802,Santa Fe,New Mexico,NM,12936,0.0029375,6528,0.0045956,0.0012484,6408,0.0007228,0.0003346,0.0019857,0.0029699,0.0099783
34803,Tucumcari,New Mexico,NM,732,0,363,0,0,369,0,,,,
34804,Clayton,New Mexico,NM,326,0,,,,,,,,,
34805,Alamosa,Colorado,CO,3148,0.0012706,1605,0.0012461,0.0012962,1543,0.0010246,0,0.0030534,0.002451,
34901,Albuquerque,New Mexico,NM,43774,0.0024215,21831,0.0037561,0.0010937,21943,0.0008118,0.0014365,0.0014409,0.00202,0.0069035
34902,Socorro,New Mexico,NM,1152,0.0017361,607,0.0032949,0,545,0,0,,,
35001,Phoenix,Arizona,AZ,159153,0.0020609,80135,0.0033069,0.0007973,79012,0.0008034,0.0009498,0.0014836,0.001881,0.0045111
35002,Safford,Arizona,AZ,2826,0.0010616,1427,0.0014015,0.0007148,1399,0,0,0.0010799,0.0030912,
35100,Tucson,Arizona,AZ,51234,0.0025764,25903,0.0041694,0.0009475,25330,0.0007639,0.0015984,0.0019383,0.0032386,0.0065384
35201,Grand Junction,Colorado,CO,11666,0.0024001,5968,0.004189,0.0005268,5695,0.0014627,0.0018376,0.0017135,0.0033319,0.0044444
35202,Gunnison,Colorado,CO,635,0.0015748,317,0,0.0031447,318,,,,,
35300,Farmington,New Mexico,NM,13070,0.0020658,6569,0.003958,0.0001538,6500,0.0006633,0.0010054,0.0021521,0.0025735,0.0057582
35401,Flagstaff,Arizona,AZ,16080,0.0021766,8177,0.0034242,0.0008866,7895,0.0022096,0.0007538,0.0019294,0.0021766,0.0052682
35402,Cortez,Colorado,CO,2597,0.0011552,1309,0.0015279,0.0007764,1288,0,0.0014706,0.0014993,0.0018868,
35500,Gallup,Arizona,AZ,20618,0.000485,10252,0.0009754,0,10366,0.000276,0.0001708,0.0007833,0.0011368,0.0009551
35600,Hilo,Hawaii,HI,8629,0.0015065,4355,0.0025258,0.0004679,4274,0.0011038,0.0009447,0,0.0012048,0.0067437
35701,Twin Falls,Idaho,ID,8341,0.002158,4285,0.0039673,0.0002466,4055,0.0007402,0.0004589,0.0017552,0.0052805,0.0039331
35702,Burley,Idaho,ID,3735,0.0013387,1863,0.0026838,0,1872,0.0016287,0,0.0017715,0.0032949,0
35801,Boise City,Idaho,ID,30711,0.0025072,15561,0.0042414,0.0007261,15149,0.0002665,0.0014193,0.0025579,0.0030488,0.004285
35802,Ontario,Oregon,OR,4020,0.0014925,1989,0.0025138,0.0004924,2031,0.0021529,0,0.0009434,0.0014793,0.0060606
35803,McCall,Idaho,ID,950,0.0031579,490,0.0061224,0,460,,0,,,
35901,St. George,Utah,UT,9069,0.0031977,4648,0.0049484,0.0013572,4421,0.0022124,0.002065,0.0033417,0.0041265,0.0041632
35902,Price,Utah,UT,5054,0.0027701,2551,0.004312,0.001199,2502,0,0.0054113,0.0037793,0.0006579,0.0045732
35903,Moab,Utah,UT,600,0.005,293,0.0102389,0,307,,,,,
35904,Richfield,Utah,UT,2287,0.0008745,1147,0.0017437,0,1140,0,0,0.0014903,0,
35905,Loa,Utah,UT,,,,,,,,,,,
36000,Provo,Utah,UT,28249,0.0039647,14443,0.0065083,0.0013042,13802,0.0013649,0.0013011,0.0028337,0.0039502,0.0075044
36100,Salt Lake City,Utah,UT,109361,0.0028255,55577,0.0048581,0.0007253,53768,0.0010041,0.0014711,0.0016542,0.0030063,0.0049922
36200,Logan,Utah,UT,12438,0.0032963,6327,0.006006,0.000491,6110,0.0010684,0.0019512,0.0024384,0.0033436,0.0074746
36301,Pocatello,Idaho,ID,22609,0.0026538,11623,0.0044739,0.0007283,10984,0.0007405,0.0006692,0.0026277,0.0024871,0.0072617
36302,Salmon,Idaho,ID,843,0.0011862,427,0,0.0024038,416,,,0,,
36303,Jackson,Wyoming,WY,1238,0,635,0,0,602,,,0,,0
36401,Steamboat Springs,Colorado,CO,2766,0.0032538,1425,0.0049123,0.0014914,1341,0.0035842,0,0.0077519,0.0023641,0.001845
36402,Vernal,Utah,UT,3852,0.0020768,1945,0.0025707,0.0015732,1907,0.0031104,0.0032967,0.0018868,0,0.00271
36403,Soda Springs,Idaho,ID,1375,0.0007273,698,0.0014327,0,677,,,0,0.0021882,
36404,Rock Springs,Wyoming,WY,7976,0.0015045,4071,0.0022108,0.0007684,3904,0.0027624,0,0.0016304,0.000702,0.0035311
36501,Klamath Falls,California,CA,9248,0.0019464,4656,0.0036512,0.0002179,4589,0.0005097,0.0009368,0.0026978,0.0010672,0.0066477
36502,Burns,Oregon,OR,502,0,,,0,261,,,,,
36503,Lakeview,Oregon,OR,562,0.0017794,277,0.0036101,0,285,,,,,
36600,Redding,California,CA,13328,0.0016507,6710,0.0028316,0.0004533,6618,0.0007022,0.0009753,0.00095,0.0023292,0.0047904
36700,Eureka,California,CA,7876,0.0010157,4026,0.0014903,0.0005195,3850,0,0.0005552,0.0010499,0.0006423,0.0040858
36800,Medford,Oregon,OR,14858,0.0022883,7545,0.0037111,0.0008208,7310,0.000983,0.002422,0.0008215,0.0021866,0.0076741
36901,Crescent City,California,CA,2793,0.0014322,1418,0.0021157,0.0007273,1375,0,0,0.0014514,0.0034483,
36902,Roseburg,Oregon,OR,10450,0.0011483,5238,0.002291,0,5206,0.0009272,0.0008163,0.0007156,0.0014656,0.002997
37000,Modesto,California,CA,42789,0.0008413,21441,0.0009328,0.0007495,21347,0.0003369,0.0003061,0.0003081,0.0013983,0.0026028
37100,Bakersfield,California,CA,39992,0.0011002,20017,0.0019483,0.0002504,19972,0.0006519,0.0003381,0.0004979,0.002213,0.0022588
37200,Fresno,California,CA,81717,0.0009056,41117,0.0016295,0.0001724,40596,0.0002239,0.0004855,0.0004492,0.0016169,0.0030353
37300,Chico,California,CA,21672,0.0010613,10870,0.0015639,0.0005556,10800,0.0004301,0.000559,0.0008099,0.0010186,0.0035855
37400,Sacramento,California,CA,135552,0.0020361,68356,0.0033355,0.0007144,67192,0.0008392,0.0010727,0.0011641,0.001723,0.0046116
37500,San Jose,California,CA,111759,0.0055477,55965,0.0087019,0.002384,55788,0.0009881,0.0016951,0.002713,0.0034792,0.0111443
37601,Elko,Nevada,NV,4844,0.0008258,2493,0.0012034,0.0004254,2351,0,0,0,0.0019036,0.0011862
37602,Winnemucca,Nevada,NV,1605,0.0024922,812,0.0049261,0,793,,,0.0024096,0.003861,0
37603,Portola,California,CA,1435,0.0027875,716,0.0041899,0.0013908,719,,0,0.0076142,0.0027174,
37604,Reno,Nevada,NV,22901,0.0020523,11489,0.0035686,0.0005258,11411,0.0009973,0.0008943,0.0011503,0.0022788,0.0044552
37700,Santa Rosa,California,CA,31932,0.0028498,16075,0.0051633,0.0005051,15840,0.0014269,0.0019383,0.0024502,0.0028409,0.004551
37800,San Francisco,California,CA,201390,0.0039078,100849,0.0064651,0.0013429,100526,0.0012344,0.0015767,0.0020172,0.0029916,0.0070509
37901,Las Vegas,Nevada,NV,65855,0.0013211,33014,0.0022112,0.0004265,32828,0.0003826,0.0007009,0.000776,0.0011063,0.0038426
37902,Reno,Nevada,NV,342,0,,,,,,,,,
37903,Mammoth Lakes,California,CA,1735,0.0005764,863,0.0011587,0,871,0,0.0029326,0,0,0
38000,San Diego,California,CA,130708,0.0028996,65822,0.0046185,0.0011569,64827,0.0006986,0.000928,0.0015583,0.0032766,0.0069476
38100,Yuma,California,CA,17562,0.0009111,8829,0.0015857,0.000229,8733,0.0005481,0.0006324,0.0006131,0.0004261,0.0040323
38200,Santa Barbara,California,CA,30464,0.0026917,15259,0.0045875,0.0007894,15201,0.000873,0.0006602,0.0026814,0.0027227,0.0056752
38300,Los Angeles,California,CA,749352,0.0019737,374382,0.0031545,0.0007922,374883,0.0008659,0.0009916,0.001283,0.0019208,0.0047533
38401,Lewiston,Idaho,ID,5880,0.0022109,2965,0.0040472,0.0003433,2913,0.0019685,0.0014959,0.0013405,0.0022091,0.0059084
38402,Pullman,Washington,WA,3714,0.0037695,1823,0.0065826,0.0010576,1891,0.0023866,0,0.0019286,0.0065431,0.0084317
38501,Moses Lake,Washington,WA,5945,0.0015139,3053,0.0026204,0.0003458,2892,0.0009597,0.0007148,0.0006109,0.0050934,0
38502,Wenatchee,Washington,WA,6253,0.0022389,3216,0.0040423,0.0003293,3037,0.001004,0.0021186,0.000693,0.0028798,0.0049554
38601,Spokane,Washington,WA,39121,0.002684,19964,0.0045582,0.0007308,19156,0.0015579,0.0008431,0.0015339,0.0028277,0.0076312
38602,Colville,Washington,WA,5845,0.0017109,2962,0.0027009,0.0006937,2883,0.0007294,0.0012887,0.0034364,0,0.0041841
38700,Longview,Washington,WA,14174,0.002046,7155,0.0027952,0.0012822,7019,0.0004137,0.0014503,0.0016954,0.0028369,0.0041344
38801,Portland,Oregon,OR,102040,0.003185,51567,0.0051777,0.0011492,50469,0.0008672,0.0019244,0.0017765,0.002741,0.0063662
38802,The Dalles,Oregon,OR,4226,0.001893,2151,0.0032543,0.0004819,2075,0.0026076,0.0010256,0.0008921,0.0033708,0.0021142
38901,Eugene,Oregon,OR,55324,0.0024402,28036,0.0041732,0.0006601,27268,0.0010341,0.0015392,0.001758,0.0022197,0.0058009
38902,Newport,Oregon,OR,4123,0.0016978,2084,0.0033589,0,2037,0,0.002991,0.0010331,0.0012837,0.0045455
39000,Yakima,Washington,WA,15754,0.0014599,7912,0.002275,0.0006376,7842,0.0002964,0.0012953,0.0008378,0.0006676,0.006176
39100,Kennewick,Washington,WA,22039,0.0024048,11132,0.0040424,0.0007337,10904,0.000694,0.0014933,0.0018004,0.0022503,0.0052716
39201,La Grande,Oregon,OR,2950,0.0013559,1531,0.0019595,0.0007047,1419,0.0017637,0,0.0025413,0.0016447,0
39202,Enterprise,Oregon,OR,561,0,296,0,0,265,,,,,
39203,Bend,Oregon,OR,8988,0.003004,4586,0.0054514,0.0004548,4398,0.0006627,0.001457,0.0022543,0.0042941,0.0074683
39204,Condon,Oregon,OR,,,,,,,,,,,
39205,John Day,Oregon,OR,589,0.0016978,288,0.0034722,0,301,,,,,
39301,Friday Harbor,Washington,WA,670,0.0014925,334,0.002994,0,336,,,,,
39302,Bellingham,Washington,WA,9141,0.0025161,4589,0.0037045,0.0013181,4552,0,0.0017016,0.0013569,0.0026316,0.0063916
39303,Port Angeles,Washington,WA,5248,0.0017149,2709,0.002584,0.000788,2538,0,0.0018149,0.0022371,0.0015898,0.0029895
39400,Seattle,Washington,WA,210549,0.0031109,106168,0.0051899,0.0009966,104359,0.0009141,0.0011892,0.0018756,0.0024107,0.0065251